id,name,cuis
ChEMBL:11,imipramine,['C0020934']
ChEMBL:185,fluorouracil,['C0016360']
ChEMBL:1201457,cellulose sodium phosphate,['C1145610']
ChEMBL:2107830,empagliflozin,['C3490348']
ChEMBL:1697737,clotiazepam,['C0009073']
ChEMBL:1480,felodipine,['C0015772']
ChEMBL:161,ceftriaxone,['C0007561']
ChEMBL:114655,nylidrin,['C0282268']
ChEMBL:1214124,perampanel,['C2698764']
ChEMBL:646,triazolam,['C0040879']
ChEMBL:719,mupirocin,['C0085259']
ChEMBL:742,ketamine,['C0022614']
ChEMBL:697,methsuximide,['C0109002']
ChEMBL:420,guanabenz,['C0018312']
ChEMBL:505132,helvolic acid,['C0121292']
ChEMBL:231068,flibanserin,['C0754280']
ChEMBL:498847,secnidazole,['C0074246']
ChEMBL:1201283,polymyxin b,['C0001714']
ChEMBL:1146,cefamandole,['C0007541']
ChEMBL:1619758,etryptamine,['C0207881']
ChEMBL:1201291,ioxaglic acid,['C0022041']
ChEMBL:396778,safinamide,['C1098261']
ChEMBL:184618,neomycin,['C0770899']
ChEMBL:3084803,astromicin,['C0060685']
ChEMBL:1200660,isosorbide,['C0022251']
ChEMBL:1194666,diethylpropion,['C0012201']
ChEMBL:61,podofilox,['C0032334']
ChEMBL:2218885,verteporfin,['C0387288']
ChEMBL:1863513,ingenol mebutate,['C3257744']
ChEMBL:584,nelfinavir,['C0525005']
ChEMBL:1396,varenicline,['C1569608']
ChEMBL:409,bicalutamide,['C0285590']
ChEMBL:466659,pentaerythritol tetranitrate,['C0030858']
ChEMBL:1234004,lithium cation,"['C3495095', 'C0023870', 'C0007447']"
ChEMBL:1201747,alcaftadine,['C2348241']
ChEMBL:3353410,osimertinib,"['C4058815', 'C4058822', 'C4058813', 'C4058814', 'C4058816', 'C4058812', 'C4058810', 'C4058819', 'C4058811', 'C4058831']"
ChEMBL:1615438,levocabastine,['C0771194']
ChEMBL:1491,amlodipine,['C0051696']
ChEMBL:1773,capecitabine,['C0671970']
ChEMBL:1623738,thonzylamine,['C0175162']
ChEMBL:424,salicylic acid,['C0036079']
ChEMBL:108358,tiazofurin,['C0076656']
ChEMBL:1201548,tyloxapol,['C0077539']
ChEMBL:547,isotretinoin,['C0022265']
ChEMBL:847,oxamniquine,['C0029994']
ChEMBL:2216870,idelalisib,['C2698692']
ChEMBL:3039471,dirithromycin,['C0058445']
ChEMBL:614,pyrazinamide,['C0034239']
ChEMBL:152,cidofovir anhydrous,['C0286079']
ChEMBL:90,histamine,['C0019588']
ChEMBL:1201056,sulfacytine,['C0262960']
ChEMBL:862,guanfacine,['C0079466']
ChEMBL:2159122,eluxadoline,['C3712232']
ChEMBL:998,loratadine,['C0065180']
ChEMBL:2219418,naloxegol,['C3859650']
ChEMBL:1218,ramelteon,['C1565316']
ChEMBL:128988,frentizole,['C0060754']
ChEMBL:191,losartan,['C0126174']
ChEMBL:623,nefazodone,['C0068485']
ChEMBL:2108311,asfotase alfa,"['C3490795', 'C0439095']"
ChEMBL:1201199,leuprolide,['C0085272']
ChEMBL:127865,piperocaine,['C0071114']
ChEMBL:1201112,nelarabine,['C0907349']
ChEMBL:1201334,triptorelin,['C0077275']
ChEMBL:819,oxacillin,['C0029983']
ChEMBL:1201365,ramiprilat,['C0072970']
ChEMBL:83,tamoxifen,['C0039286']
ChEMBL:1472,protirelin,['C0040162']
ChEMBL:1428,nimodipine,['C0028094']
ChEMBL:1276308,mifepristone,['C0026088']
ChEMBL:1094636,niraparib,['C3812224']
ChEMBL:1201203,benztropine,['C0591275']
ChEMBL:1441,ethionamide,['C0015021']
ChEMBL:1200866,perflubron,['C0162922']
ChEMBL:2110788,benzilonium,['C2828307']
ChEMBL:2104761,ticarbodine,['C0076661']
ChEMBL:620,clidinium,['C0055877']
ChEMBL:1201632,imiglucerase,['C0291139']
ChEMBL:1660,rifapentine,['C0073372']
ChEMBL:1489254,triacetin,['C0040853']
ChEMBL:1200853,dydrogesterone,['C0013340']
ChEMBL:98,vorinostat,['C0672708']
ChEMBL:1224207,trabectedin,['C1311070']
ChEMBL:1237122,carboprost,['C0007047']
ChEMBL:1618102,butylscopolamine,['C2827093']
ChEMBL:16,phenytoin,['C0031507']
ChEMBL:334491,budipine,['C0054202']
ChEMBL:3780847,abiraterone,['C0754011']
ChEMBL:105608,hexamethonium,['C0062637']
ChEMBL:112,acetaminophen,['C0000970']
ChEMBL:1305,antazoline,['C0003143']
ChEMBL:3544537,deacetylbisacodyl,['C0058139']
ChEMBL:1201626,chymopapain,['C0008736']
ChEMBL:1902627,clorprenaline,['C0055943']
ChEMBL:1201342,methixene,['C0066139']
ChEMBL:3301669,dalbavancin,['C3832636']
ChEMBL:1090,vidarabine anhydrous,['C0042646']
ChEMBL:2374220,ledipasvir,['C3851350']
ChEMBL:1201748,cabazitaxel,['C2830183']
ChEMBL:1201779,benzylpenicilloyl polylysine,['C0053327']
ChEMBL:93,zileuton,['C0081408']
ChEMBL:1201794,flavin mononucleotide,['C0037548']
ChEMBL:1455,altretamine,['C0019453']
ChEMBL:37853,cloprostenol,['C0009030']
ChEMBL:1200515,deserpidine,['C0175158']
ChEMBL:941,imatinib,['C0935989']
ChEMBL:877,tranexamic acid,['C0040613']
ChEMBL:885,emtricitabine,['C0909839']
ChEMBL:235668,tipiracil,"['C4056441', 'C4056838', 'C4056761', 'C4056805', 'C4056839', 'C4056277', 'C1451803', 'C4056442', 'C4055976', 'C4056278']"
ChEMBL:1554,dactinomycin,['C0010934']
ChEMBL:3545110,ribociclib,"['C4045494', 'C4318048', 'C4318037', 'C4319750', 'C4318044', 'C4318052', 'C4477758', 'C4318050', 'C4318045', 'C4318758']"
ChEMBL:177,amikacin,['C0002499']
ChEMBL:607,meperidine,['C0025376']
ChEMBL:19019,naltrexone,['C0027360']
ChEMBL:2105395,ospemifene,['C3537519']
ChEMBL:313833,tranylcypromine,['C0040778']
ChEMBL:2110802,benzpyrinium,"['C0599261', 'C0599261']"
ChEMBL:1201464,choriogonadotropin alfa,['C0937609']
ChEMBL:1162,norethindrone,['C0028356']
ChEMBL:1201420,urokinase,['C0042071']
ChEMBL:642,acebutolol,['C0543447']
ChEMBL:1082,amoxicillin anhydrous,['C0002645']
ChEMBL:564085,troleandomycin,['C0041165']
ChEMBL:1297,fenoprofen,['C0015837']
ChEMBL:1909072,pipamazine,['C0301468']
ChEMBL:1544,liothyronine,['C0041014']
ChEMBL:91,miconazole,['C0025942']
ChEMBL:1443577,sulfachlorpyridazine,['C0038672']
ChEMBL:870,alendronic acid,['C0102118']
ChEMBL:580,lorazepam,['C0024002']
ChEMBL:2107417,levlofexidine,['C2825595']
ChEMBL:853,zalcitabine,['C0012132']
ChEMBL:1200633,ivermectin,['C0022322']
ChEMBL:1165268,iodipamide,['C0021971']
ChEMBL:568,oxazepam,['C0029997']
ChEMBL:717,medroxyprogesterone,['C0025147']
ChEMBL:2107875,patiromer,"['C4056969', 'C4060007', 'C4056971', 'C4056974', 'C4056975', 'C4056965', 'C4056977', 'C4056962', 'C4056961', 'C4056963']"
ChEMBL:127508,azacyclonol,['C0175156']
ChEMBL:1201406,ethynodiol,['C0059849']
ChEMBL:871,etidronic acid,['C0015121']
ChEMBL:1201608,muromonab-cd3,['C0085379']
ChEMBL:1308,fomepizole,['C0048504']
ChEMBL:583042,vx-11e,[]
ChEMBL:1093,articaine,['C1608295']
ChEMBL:779,tadalafil,['C1176316']
ChEMBL:1201147,octocrylene,['C0257715']
ChEMBL:1733,quinaprilat,['C0072858']
ChEMBL:2104036,aminometradine,['C0301544']
ChEMBL:2105348,ranimustine,['C0243666']
ChEMBL:2111164,trolnitrate,['C0077377']
ChEMBL:1201212,midodrine,['C0733394']
ChEMBL:1201244,rocuronium,['C0209337']
ChEMBL:1200802,talbutal,['C0301407']
ChEMBL:1201295,bitolterol,['C0106575']
ChEMBL:1239,benzyl benzoate,['C0053289']
ChEMBL:649,nadolol,['C0027302']
ChEMBL:9,norfloxacin,['C0028365']
ChEMBL:1496806,pasiniazid,[]
ChEMBL:595,pioglitazone,['C0071097']
ChEMBL:288441,bosutinib,['C1831731']
ChEMBL:1697830,chlormadinone,['C0262965']
ChEMBL:1201614,calcitonin human,['C0770558']
ChEMBL:2096649,ecamsule,['C1721194']
ChEMBL:1475,trioxsalen,['C0041086']
ChEMBL:1200559,"lactic acid, dl-",['C0064582']
ChEMBL:601,aminolevulinic acid,['C0002563']
ChEMBL:2107885,reteplase,['C0256103']
ChEMBL:1241,tripelennamine,['C0041090']
ChEMBL:1730,cefotaxime,['C0007554']
ChEMBL:645,bisoprolol,['C0053799']
ChEMBL:2110739,furtrethonium,['C0060876']
ChEMBL:2103841,canagliflozin,['C2974540']
ChEMBL:485,codeine anhydrous,['C0009214']
ChEMBL:734,acetohydroxamic acid,['C0050451']
ChEMBL:1546,hydroxyamphetamine,['C0282278']
ChEMBL:1236970,zinc cation,"['C2346521', 'C0043481', 'C0007447']"
ChEMBL:23,diltiazem,['C0700579']
ChEMBL:716,quetiapine,['C0123091']
ChEMBL:544,mequinol,['C0048318']
ChEMBL:991,stavudine,['C0701312']
ChEMBL:2108676,elosulfase alfa,['C3817397']
ChEMBL:360055,triethylgallamine,['C0016972']
ChEMBL:1201352,rapacuronium,['C0753790']
ChEMBL:997,ibandronic acid,['C0379200']
ChEMBL:1201216,dapiprazole,['C0770916']
ChEMBL:15770,sulindac,['C0038792']
ChEMBL:1200640,ferrous fumarate,['C0060276']
ChEMBL:1342,4-hydroxybutanoic acid,['C0037537']
ChEMBL:1167,spectinomycin,['C0887525']
ChEMBL:1200614,ioversol,['C0063828']
ChEMBL:1024,ifosfamide,['C0020823']
ChEMBL:286452,alfatradiol,['C1957081']
ChEMBL:1618279,revaprazan,['C2699073']
ChEMBL:1201835,ustekinumab,['C1608841']
ChEMBL:3740903,sultamicillin,['C0075629']
ChEMBL:1550,phytonadione,['C0031862']
ChEMBL:1434,minocycline,['C0026187']
ChEMBL:1413,ciclopirox,['C0055711']
ChEMBL:2110725,vinflunine,['C0672663']
ChEMBL:37390,proxyphylline,['C0072511']
ChEMBL:1182247,didecyldimonium,"['C0057899', 'C0283828', 'C4081425', 'C4084292']"
ChEMBL:1560,captopril,['C0006938']
ChEMBL:464,etretinate,['C0015137']
ChEMBL:258918,mesterolone,['C0025503']
ChEMBL:54126,neostigmine,['C0027679']
ChEMBL:8085,lysine,['C0024337']
ChEMBL:532,erythromycin,['C0014806']
ChEMBL:301267,artemotil,"['C0052427', 'C0052427']"
ChEMBL:431770,istradefylline,['C0673470']
ChEMBL:461101,eltrombopag,['C1831905']
ChEMBL:2108147,streptokinase,['C0038418']
ChEMBL:1504,triamcinolone acetonide,['C0594040']
ChEMBL:1173055,rucaparib,['C3661315']
ChEMBL:415606,degarelix,['C1455035']
ChEMBL:604608,fructose,['C0016745']
ChEMBL:813,eprosartan,['C0287041']
ChEMBL:1201468,"estrogens, esterified","['C0014939', 'C1979885']"
ChEMBL:2108214,agalsidase alfa,['C0962517']
ChEMBL:36506,novobiocin,['C0028458']
ChEMBL:1521,zaleplon,['C0251504']
ChEMBL:479,thioridazine,['C0039943']
ChEMBL:316157,cephaloridine,['C0007727']
ChEMBL:312448,xylometazoline,['C0078643']
ChEMBL:1732,dihydroergotamine,['C0771983']
ChEMBL:1688530,oritavancin,['C3856229']
ChEMBL:1577,methyclothiazide,['C0025696']
ChEMBL:1169,aminosalicylic acid,['C0030125']
ChEMBL:2105711,tofogliflozin,['C3501434']
ChEMBL:1201784,hexaminolevulinate,['C1327841']
ChEMBL:1201346,balsalazide,['C0052940']
ChEMBL:1460,didanosine,['C0012133']
ChEMBL:20835,aceclidine,['C0000948']
ChEMBL:1594,pantothenic acid,['C0006710']
ChEMBL:3707372,voxilaprevir,"['C4507236', 'C4518993', 'C4518994', 'C4518995', 'C4518996', 'C4518997', 'C4518998', 'C4519000', 'C4519001', 'C4519004']"
ChEMBL:579,spiraprilat,['C0172689']
ChEMBL:403,sulbactam,['C0038665']
ChEMBL:2135460,terlipressin,['C0145185']
ChEMBL:601719,crizotinib,['C2974289']
ChEMBL:550348,deferasirox,['C1619629']
ChEMBL:1321,procarbazine,['C0033223']
ChEMBL:2103846,ulipristal,['C0300205']
ChEMBL:526,propofol,['C0033487']
ChEMBL:1464,warfarin,['C0043031']
ChEMBL:1296,cefotiam,['C0007556']
ChEMBL:551466,aclidinium,['C2699757']
ChEMBL:266481,glucagon,['C0591569']
ChEMBL:590799,camostat,"['C0129975', 'C0129975']"
ChEMBL:423,betaxolol,['C0005320']
ChEMBL:141446,fluroxene,['C0016381']
ChEMBL:1200774,fluprednisolone,['C0016369']
ChEMBL:1200568,talc,['C0039267']
ChEMBL:1421,dasatinib,['C1455147']
ChEMBL:3039597,gentamicin,['C0546866']
ChEMBL:1200689,nitric oxide,['C0028128']
ChEMBL:1200338,pinacidil anhydrous,['C0071074']
ChEMBL:100259,uridine,['C0041984']
ChEMBL:2104232,fenprostalene,['C0060195']
ChEMBL:1213252,clorazepic acid,['C0770393']
ChEMBL:1201837,ecallantide,['C1722685']
ChEMBL:127,meropenem anhydrous,['C0066005']
ChEMBL:49563,.alpha.-tocopherol,['C0969677']
ChEMBL:238804,selexipag,['C2000145']
ChEMBL:430,gemifloxacin,['C0533545']
ChEMBL:41,fluoxetine,['C0162373']
ChEMBL:282052,methaqualone,['C0025627']
ChEMBL:3137309,venetoclax,"['C4224525', 'C4225058', 'C4224924', 'C4225057', 'C4224923', 'C4225102', 'C4085667', 'C4224526', 'C4225059', 'C4224925']"
ChEMBL:967,temazepam,['C0039468']
ChEMBL:1111,ambrisentan,['C1176329']
ChEMBL:1908331,romurtide,['C0067246']
ChEMBL:83906,iodoalphionic acid,['C0063766']
ChEMBL:1742990,belatacept,"['C1619962', 'C1619962']"
ChEMBL:1238,azelaic acid,['C0052761']
ChEMBL:796,methylphenidate,['C0025810']
ChEMBL:454,butalbital,['C0054234']
ChEMBL:432103,pirmenol,['C0071144']
ChEMBL:61946,caramiphen,['C0054635']
ChEMBL:54922,proline,['C0033382']
ChEMBL:46740,bazedoxifene,['C1571574']
ChEMBL:780,pentetic acid,['C0013254']
ChEMBL:1725880,trepibutone,['C0094813']
ChEMBL:864,carbinoxamine,['C1331203']
ChEMBL:211456,ephedrine,['C0304426']
ChEMBL:1166,argatroban,['C0048470']
ChEMBL:701,baclofen,['C0004609']
ChEMBL:1201539,insulin pork,"['C0770206', 'C0021641', 'C0452867']"
ChEMBL:243712,amisulpride,['C0103045']
ChEMBL:225071,raltitrexed,['C0677667']
ChEMBL:726,fluphenazine,['C0016368']
ChEMBL:297302,benperidol,['C0005013']
ChEMBL:70418,clobazam,['C0055891']
ChEMBL:715,olanzapine,['C0171023']
ChEMBL:626,naftifine,['C0068367']
ChEMBL:154,naproxen,['C0027396']
ChEMBL:44657,etoposide,['C0015133']
ChEMBL:2108611,inotuzumab ozogamicin,['C1567130']
ChEMBL:1200761,chlorotrianisene,['C0008275']
ChEMBL:703,succinylcholine,['C0012792']
ChEMBL:372795,streptomycin,['C0038425']
ChEMBL:312311,paroxypropione,['C0521965']
ChEMBL:2105293,phenaglycodol,['C0163558']
ChEMBL:443,sulfamethoxazole,['C0038689']
ChEMBL:46516,fluspirilene,['C0016383']
ChEMBL:315838,encainide,['C0085251']
ChEMBL:2362906,isobornyl thiocyanoacetate,['C0152142']
ChEMBL:135,estradiol,['C0014912']
ChEMBL:659,galantamine,['C0016967']
ChEMBL:1722501,pyrithyldione,['C0072736']
ChEMBL:2048028,lifitegrast,['C3713860']
ChEMBL:963,oxymorphone,['C0030073']
ChEMBL:1466,dicumarol,['C0005640']
ChEMBL:1404,ranolazine,['C0073633']
ChEMBL:1096562,methyl aminolevulinate,['C1134467']
ChEMBL:1451,triamcinolone,['C0040864']
ChEMBL:225072,pemetrexed,['C0210657']
ChEMBL:1964120,taliglucerase alfa,"['C3273401', 'C0439095']"
ChEMBL:33986,butorphanol,['C0006491']
ChEMBL:1237046,rolitetracycline,['C0035823']
ChEMBL:501849,simeprevir,['C3696409']
ChEMBL:1252,abarelix,['C0965390']
ChEMBL:1255800,fidaxomicin,['C0065023']
ChEMBL:1621597,ipratropium,['C0027235']
ChEMBL:16694,phenprocoumon,['C0031444']
ChEMBL:1201522,technetium tc-99m albumin aggregated,"['C0087067', 'C0332621', 'C0303611', 'C0001924']"
ChEMBL:83668,tolnaftate,['C0040379']
ChEMBL:866,mycophenolic acid,['C0883242']
ChEMBL:444633,rifabutin,['C0140575']
ChEMBL:1571,testolactone,['C0039600']
ChEMBL:821,guanidine,['C0120446']
ChEMBL:1697847,polysorbate 80,['C0032601']
ChEMBL:576,succinic acid,['C0075429']
ChEMBL:245807,oxyphenisatin,['C0031422']
ChEMBL:343633,esatenolol,['C2825715']
ChEMBL:2107720,kebuzone,['C0064324']
ChEMBL:252556,idebenone,['C0123163']
ChEMBL:1237054,plicamycin,['C0026234']
ChEMBL:1555183,fudosteine,"['C0756016', 'C0756016']"
ChEMBL:1639,aliskiren,['C1120110']
ChEMBL:1266,tetrahydrozoline,['C0076286']
ChEMBL:583,grepafloxacin,['C0287721']
ChEMBL:656,oxycodone,['C0722364']
ChEMBL:1489,azacitidine,['C0004475']
ChEMBL:1256472,cytarabine hydrochloride,['C0282120']
ChEMBL:1201328,carphenazine,"['C0771221', 'C0771221']"
ChEMBL:1508,escitalopram,['C1099456']
ChEMBL:13341,nimetazepam,['C0068774']
ChEMBL:1200598,fosfestrol,['C0060692']
ChEMBL:2105131,mefruside,['C0025156']
ChEMBL:1863514,asparaginase erwinia chrysanthemi,"['C3255208', 'C0003993', 'C0085486']"
ChEMBL:1201236,carbidopa anhydrous,['C0006982']
ChEMBL:960,leflunomide,['C0063041']
ChEMBL:465,dronabinol,['C0039663']
ChEMBL:844,brimonidine,['C3666439']
ChEMBL:295433,orbifloxacin,['C0300903']
ChEMBL:1229,oseltamivir,['C0874161']
ChEMBL:3707314,methoxy polyethylene glycol-epoetin beta,"['C1328071', 'C1328071']"
ChEMBL:1479,danazol,['C0010961']
ChEMBL:953,entacapone,['C0165921']
ChEMBL:1657,tazarotene,['C0288792']
ChEMBL:684,diethylcarbamazine,['C0700531']
ChEMBL:361812,ramatroban,['C0753318']
ChEMBL:1407943,clemizole,['C0008931']
ChEMBL:1443,nafcillin,['C0037531']
ChEMBL:1163,atazanavir,['C1145759']
ChEMBL:829,trimeprazine,['C0041031']
ChEMBL:2108278,eteplirsen,"['C4283712', 'C4283721', 'C4283716', 'C4283723', 'C4283717', 'C4283711', 'C4283710', 'C4283714', 'C4283720', 'C4283713']"
ChEMBL:477772,pazopanib,['C1831796']
ChEMBL:1200490,cetrorelix,['C0939290']
ChEMBL:1201387,trandolaprilat,['C0165477']
ChEMBL:459,methyldopa anhydrous,['C0025741']
ChEMBL:1380,abacavir,['C0663655']
ChEMBL:308954,etravirine,['C1456409']
ChEMBL:507674,cefoperazone,['C0007552']
ChEMBL:506247,tannic acid,['C0039294']
ChEMBL:625,thiabendazole,['C0039832']
ChEMBL:1040,calcifediol anhydrous,['C0006657']
ChEMBL:1888176,trospium,['C0772089']
ChEMBL:1179047,chloroprocaine,['C0055443']
ChEMBL:553,erlotinib,['C1533491']
ChEMBL:651,methadone,['C0025605']
ChEMBL:1586,beclomethasone,['C0004905']
ChEMBL:2108052,"starch, corn","['C0038179', 'C1138842']"
ChEMBL:2103872,ceftolozane,['C3852726']
ChEMBL:700,sulfapyridine,['C0038710']
ChEMBL:1687,tubocurarine,['C0041345']
ChEMBL:2103756,sulfomyxin,['C0521887']
ChEMBL:1136,telithromycin,['C0907410']
ChEMBL:932,dipyridamole,['C0012582']
ChEMBL:415284,nalorphine,['C0027355']
ChEMBL:370143,paromomycin,['C0030576']
ChEMBL:468837,heptabarbital,['C0019217']
ChEMBL:2325741,azd5363,['C3502775']
ChEMBL:1117,idarubicin,['C0020789']
ChEMBL:1697833,clortermine,"['C0771259', 'C0771259']"
ChEMBL:254468,fluciclovine f-18,['C1311253']
ChEMBL:3833301,barbexaclone,['C0105205']
ChEMBL:1201225,iodine,['C0021968']
ChEMBL:1171086,ponatinib,['C2987417']
ChEMBL:1165,moexipril,['C0066685']
ChEMBL:1373,modafinil,['C0066677']
ChEMBL:525076,enfuvirtide,['C0537439']
ChEMBL:70927,deferiprone,['C0043832']
ChEMBL:1374379,benzonatate,['C0740256']
ChEMBL:2103855,telotristat,['C3884837']
ChEMBL:972,selegiline,['C0036579']
ChEMBL:421,sulfasalazine,['C0036078']
ChEMBL:2096655,cyanocobalamin co-57,['C0304961']
ChEMBL:447,secobarbital,['C0036516']
ChEMBL:473,dofetilide,['C0114771']
ChEMBL:1372,oxiglutatione,['C0061516']
ChEMBL:417,epirubicin,['C0014582']
ChEMBL:136560,phenylpropanolamine,['C0031495']
ChEMBL:3621988,chidamide,['C2932486']
ChEMBL:1902981,eperisone,['C0043606']
ChEMBL:276568,cefprozil anhydrous,['C0053882']
ChEMBL:1161681,nitrite ion,"['C3848529', 'C0028137', 'C0022023']"
ChEMBL:84158,tiapride,['C0040180']
ChEMBL:1200889,metrizamide,['C0025869']
ChEMBL:1200,benoxinate,['C0053114']
ChEMBL:1200454,valganciclovir hcl,['C0937926']
ChEMBL:930,glutamine,['C0017797']
ChEMBL:1483,albendazole,['C0001911']
ChEMBL:249856,enoximone,['C0116190']
ChEMBL:636,rivastigmine,['C0649350']
ChEMBL:2111014,pentapiperium,['C0301376']
ChEMBL:768,esmolol,['C0116569']
ChEMBL:1433,doxycycline anhydrous,['C0013090']
ChEMBL:1626223,pyrantel,['C0034235']
ChEMBL:566534,artemether,['C0052429']
ChEMBL:1201833,golimumab,['C2353893']
ChEMBL:406,indapamide,['C0021186']
ChEMBL:572964,sulfate ion,"['C3536965', 'C0038785', 'C0022023']"
ChEMBL:2107192,salcolex,[]
ChEMBL:1200737,colfosceril palmitate,['C0216971']
ChEMBL:1201824,alglucosidase alfa,['C1695579']
ChEMBL:591,ethchlorvynol,['C0014987']
ChEMBL:2074922,efonidipine,['C0286819']
ChEMBL:1201825,ranibizumab,['C1566537']
ChEMBL:1291,metipranolol,['C0982282']
ChEMBL:496,hexachlorophene,['C0019435']
ChEMBL:1727,cephalexin,['C0919352']
ChEMBL:3301934,alphaprodine,['C0002327']
ChEMBL:196,ascorbic acid,['C0003968']
ChEMBL:683,clofibric acid,['C0009003']
ChEMBL:315985,eslicarbazepine,['C2725260']
ChEMBL:1206690,parecoxib,['C0915142']
ChEMBL:1201607,natalizumab,['C1172734']
ChEMBL:360328,lorcaserin,['C2697942']
ChEMBL:1865135,timepidium,"['C1620337', 'C1620337']"
ChEMBL:279597,alanine,['C0001898']
ChEMBL:1200851,methylhomatropine,['C3848532']
ChEMBL:95889,betaine,['C0005304']
ChEMBL:1043,dapsone,['C0010980']
ChEMBL:1350,tiludronic acid,['C0043611']
ChEMBL:1200845,halcinonide,['C0018513']
ChEMBL:481,irinotecan,['C0123931']
ChEMBL:1576,ethinamate,['C0059714']
ChEMBL:1201165,quinestrol,['C0034410']
ChEMBL:459265,gentian violet cation,['C0017440']
ChEMBL:21731,maprotiline,['C0024778']
ChEMBL:1201584,abciximab,['C0288672']
ChEMBL:44354,ceftazidime anhydrous,['C0007559']
ChEMBL:2104895,setiptiline,['C0069628']
ChEMBL:615,penicillin v,['C0030840']
ChEMBL:1488165,pidotimod,['C0081002']
ChEMBL:861,mephenytoin,['C0025381']
ChEMBL:1482,bethanechol,['C0053526']
ChEMBL:1574,phentermine,['C0031447']
ChEMBL:108541,picric acid,['C0071044']
ChEMBL:802,minoxidil,['C0026196']
ChEMBL:1200732,amcinonide,['C0051556']
ChEMBL:723,carvedilol,['C0054836']
ChEMBL:1201256,trimethobenzamide,['C0733768']
ChEMBL:1201566,darbepoetin alfa,['C0937950']
ChEMBL:1437065,nitromide,['C0068851']
ChEMBL:1138,ezetimibe,['C1142985']
ChEMBL:193240,roflumilast,['C0965618']
ChEMBL:1098319,2-mercaptoethanesulfonic acid,['C0000294']
ChEMBL:1788389,stibophen,['C0038326']
ChEMBL:1477036,docusate,['C1692318']
ChEMBL:830,eflornithine,['C0939525']
ChEMBL:2105317,prostalene,['C0072302']
ChEMBL:117287,prucalopride,['C0913506']
ChEMBL:1121,sincalide,['C0037167']
ChEMBL:2107117,timiperone,['C0076688']
ChEMBL:501122,ceftaroline fosamil,['C2001525']
ChEMBL:97137,robenidine,['C0035780']
ChEMBL:573,niacin,['C0027996']
ChEMBL:129,zidovudine,['C0043474']
ChEMBL:1318150,aspoxicillin,['C0104449']
ChEMBL:1963683,tafluprost,['C1451502']
ChEMBL:1201325,hexocyclium,['C0062674']
ChEMBL:466246,laninamivir,['C2931958']
ChEMBL:1201189,ammonia n-13,['C1998431']
ChEMBL:1255,formaldehyde,['C0016564']
ChEMBL:2103877,efinaconazole,['C3273754']
ChEMBL:1738990,levopropoxyphene,['C0023582']
ChEMBL:486208,borneol,['C0106916']
ChEMBL:1679,leucovorin,['C0023413']
ChEMBL:1410,nonoxynol-9,['C0132776']
ChEMBL:95,tacrine,['C0771182']
ChEMBL:428,trovafloxacin,['C0379881']
ChEMBL:1201301,mangafodipir,['C0772321']
ChEMBL:1200436,oxandrolone,['C0029995']
ChEMBL:1601,cefonicid,['C0007551']
ChEMBL:1201576,rituximab,['C0393022']
ChEMBL:1364,pyridoxine,['C0034272']
ChEMBL:1435,cefazolin,['C0007546']
ChEMBL:1535,hydroxychloroquine,['C0020336']
ChEMBL:1551,ursodiol,['C0042105']
ChEMBL:511115,cilomilast,['C0968887']
ChEMBL:2028663,dabrafenib,['C3644554']
ChEMBL:472566,zoxazolamine,['C0043534']
ChEMBL:2048484,canagliflozin anhydrous,['C3556179']
ChEMBL:1213490,romidepsin,['C1527027']
ChEMBL:1200862,metyrosine,['C0886584']
ChEMBL:1570,sulfoxone,['C0075606']
ChEMBL:1089221,bendazac,"['C0053097', 'C0053097']"
ChEMBL:2304327,colistimethate,['C0009315']
ChEMBL:2108675,dupilumab,['C3660996']
ChEMBL:1208,cinoxacin,['C0008806']
ChEMBL:661,alprazolam,['C0699034']
ChEMBL:171679,aspartame,['C0003999']
ChEMBL:338802,sulfaguanidine,['C0038681']
ChEMBL:806,flutamide,['C0016384']
ChEMBL:458875,clevudine,"['C0045212', 'C0045212']"
ChEMBL:376359,alogliptin,['C1958126']
ChEMBL:1908316,ectylurea,['C0167583']
ChEMBL:1222251,inositol,['C0021547']
ChEMBL:1200368,bentiromide,['C0053122']
ChEMBL:652,flecainide,['C0592158']
ChEMBL:152067,talinolol,['C0075783']
ChEMBL:969,prazepam,['C0032910']
ChEMBL:3544986,perindopril arginine,"['C1725449', 'C0136123', 'C0003765']"
ChEMBL:976,praziquantel,['C0032911']
ChEMBL:1139,epoprostenol,['C0033567']
ChEMBL:1201388,fludrocortisone,['C0016280']
ChEMBL:205596,cholic acid,['C0055568']
ChEMBL:504,dimethyl sulfoxide,['C0012403']
ChEMBL:426926,arbekacin,['C0062073']
ChEMBL:1201524,technetium tc-99m apcitide,['C0766234']
ChEMBL:1201185,lanreotide,['C0209211']
ChEMBL:1201830,rilonacept,['C2343589']
ChEMBL:1201753,pitavastatin,['C1101838']
ChEMBL:566752,florbetaben f-18,['C3818757']
ChEMBL:467,hydroxyurea,['C0020402']
ChEMBL:101253,vatalanib,['C0912586']
ChEMBL:3391662,paritaprevir,['C3883274']
ChEMBL:707,doxazosin,['C0114873']
ChEMBL:221959,tofacitinib,['C2930696']
ChEMBL:523,nordazepam,['C0011279']
ChEMBL:564829,milciclib,[]
ChEMBL:386051,pd173955,['C0911464']
ChEMBL:507870,telavancin,['C1453642']
ChEMBL:1473,fluticasone propionate,['C0117996']
ChEMBL:1213351,propoxyphene,['C0033493']
ChEMBL:56367,nimesulide,['C0132515']
ChEMBL:1201821,palifermin,['C0677829']
ChEMBL:1712170,ethylmorphine,['C0015109']
ChEMBL:1200558,bacitracin a,['C0004599']
ChEMBL:1527608,doxofylline,['C0058721']
ChEMBL:1873475,ibrutinib,['C3692993']
ChEMBL:1201248,cisatracurium,['C0530105']
ChEMBL:3426621,ripasudil,['C4045501']
ChEMBL:1101,biperiden,['C0005578']
ChEMBL:52440,dextromethorphan,['C0887411']
ChEMBL:1201321,difenoxin,['C0057981']
ChEMBL:1025,isoflurophate,['C0022181']
ChEMBL:1887666,parathiazine,['C0072654']
ChEMBL:157548,danofloxacin,['C0112317']
ChEMBL:1744,phendimetrazine,['C0070549']
ChEMBL:121,rosiglitazone,['C0289313']
ChEMBL:279516,indoramin,['C0021252']
ChEMBL:229383,nystatin,['C0028741']
ChEMBL:1201633,alglucerase,"['C0017768', 'C0102139']"
ChEMBL:599,meloxicam,['C0083381']
ChEMBL:1771,clopidogrel,['C0070166']
ChEMBL:1054,trichlormethiazide,['C0040899']
ChEMBL:1200686,pimecrolimus,['C1099414']
ChEMBL:689,mannitol,['C0024730']
ChEMBL:1697840,iodothiouracil,['C0063799']
ChEMBL:2105637,delafloxacin,['C2828290']
ChEMBL:1510,eletriptan,['C0759933']
ChEMBL:1064,simvastatin,['C0074554']
ChEMBL:1371412,tioxidazole,['C0076713']
ChEMBL:3306382,d&c yellow no. 10,[]
ChEMBL:516,cyproheptadine,['C0010620']
ChEMBL:1201222,lisdexamfetamine,['C1873633']
ChEMBL:2103749,bivalirudin,['C0168273']
ChEMBL:415,clomipramine,['C0009010']
ChEMBL:959,rimantadine,['C0035629']
ChEMBL:1200668,calcium chloride,['C0006686']
ChEMBL:1900528,tiotropium,['C0213771']
ChEMBL:122,rofecoxib,['C0762662']
ChEMBL:6273,fleroxacin,['C0085161']
ChEMBL:1199324,fosaprepitant,['C2315887']
ChEMBL:91397,rupatadine,['C0534301']
ChEMBL:3736045,azithromycin anhydrous,['C0052796']
ChEMBL:2105755,naldemedine,"['C4325018', 'C4325235', 'C4325236', 'C4325237', 'C4325238', 'C4325239', 'C4325240', 'C4325242', 'C4325243', 'C4325246']"
ChEMBL:528,ceftizoxime,['C0282391']
ChEMBL:1187846,scopolamine,['C0036442']
ChEMBL:1341,methoxyflurane,['C0025688']
ChEMBL:356479,chlordantoin,"['C0055903', 'C0055903']"
ChEMBL:90555,vincristine,['C0042679']
ChEMBL:1201206,pipecuronium,['C0071102']
ChEMBL:1200607,perflexane,['C1176320']
ChEMBL:1186579,methylnaltrexone,['C2343585']
ChEMBL:1231871,carbon dioxide,['C0007012']
ChEMBL:2059073,sulisobenzone,['C0075618']
ChEMBL:1201261,tyropanic acid,['C0041483']
ChEMBL:1644,cefadroxil anhydrous,['C0007538']
ChEMBL:253592,camylofin,['C0054568']
ChEMBL:1077896,ropivacaine,['C0073571']
ChEMBL:1200685,xenon xe-133,['C0872916']
ChEMBL:291962,leucine,['C0023401']
ChEMBL:1908370,finafloxacin,['C2825286']
ChEMBL:1085,acetophenazine,['C0050458']
ChEMBL:1682,sorbitol,['C0037688']
ChEMBL:1743047,necitumumab,['C2352806']
ChEMBL:19,methazolamide,['C0025631']
ChEMBL:3545184,etelcalcetide,"['C4293935', 'C4325045', 'C4325057', 'C4325048', 'C3713906', 'C4325046', 'C4325047', 'C4306101', 'C4325054', 'C4325053']"
ChEMBL:1272,repaglinide,['C0246689']
ChEMBL:262777,vancomycin,['C0042313']
ChEMBL:1425,mercaptopurine anhydrous,['C0000618']
ChEMBL:1328,pentagastrin,['C0030859']
ChEMBL:905,rizatriptan,['C0297635']
ChEMBL:1201891,deflazacort,['C0057258']
ChEMBL:79686,tetraprenylacetone,['C0061231']
ChEMBL:1201593,alteplase,"['C0032143', 'C0032143']"
ChEMBL:2110774,chlorphenoxamine,['C0055468']
ChEMBL:1743048,obinutuzumab,['C2742503']
ChEMBL:1754,doxapram,['C0699979']
ChEMBL:1736,metrizoic acid,['C0025870']
ChEMBL:9967,pirenzepine,['C0031978']
ChEMBL:1112,aripiprazole,['C0299792']
ChEMBL:852,melphalan,['C0771055']
ChEMBL:2108738,nivolumab,['C3657270']
ChEMBL:1201776,tapentadol,['C2001271']
ChEMBL:24646,pimobendan,['C0071071']
ChEMBL:2108726,technetium tc-99m tilmanocept,['C3555537']
ChEMBL:2170177,pci-34051,"['C2354348', 'C0072348']"
ChEMBL:592943,tinoridine,['C0076703']
ChEMBL:109,valproic acid,['C0042291']
ChEMBL:1951143,fimasartan,['C2825622']
ChEMBL:1235535,nicotinyl alcohol,['C0028053']
ChEMBL:499,timolol,['C0040233']
ChEMBL:592,levorphanol,['C0023586']
ChEMBL:71,chlorpromazine,['C0008286']
ChEMBL:428880,cromolyn,['C0012694']
ChEMBL:1106,epinastine,['C0078442']
ChEMBL:1201224,cefmenoxime,['C0007549']
ChEMBL:167911,dichlorvos,['C0012087']
ChEMBL:1566956,troxipide,['C0147037']
ChEMBL:1200647,candicidin,['C0006834']
ChEMBL:1354,sodium acetate,['C0142785']
ChEMBL:1743082,ado-trastuzumab emtansine,['C2935436']
ChEMBL:808,econazole,['C0013547']
ChEMBL:1429,desmopressin,['C0011701']
ChEMBL:86715,procyclidine,['C0033254']
ChEMBL:1200472,quazepam,['C0072828']
ChEMBL:374478,rifampin,['C0035608']
ChEMBL:2110588,eliglustat,['C3855019']
ChEMBL:1819440,ornipressin,['C0029276']
ChEMBL:221886,sisomicin,['C0037209']
ChEMBL:2105300,repirinast,['C0073071']
ChEMBL:2108350,conestat alfa,"['C3195420', 'C0439095']"
ChEMBL:2105605,ufenamate,['C0625740']
ChEMBL:1200438,tioconazole,['C0076705']
ChEMBL:27769,stanolone,"['C0038148', 'C0038148']"
ChEMBL:600,acetylcysteine,['C0001047']
ChEMBL:1738797,alectinib,['C3853921']
ChEMBL:1200617,rimexolone,['C0140594']
ChEMBL:218490,dorzolamide,['C0165590']
ChEMBL:1201237,levobunolol,['C0006388']
ChEMBL:1515611,bromisoval,['C0006226']
ChEMBL:2111125,phenactropinium,['C0604633']
ChEMBL:1360,atracurium,['C0004234']
ChEMBL:760,anagrelide,['C0051809']
ChEMBL:541,benzoic acid,['C0053225']
ChEMBL:1447,lincomycin,['C0023726']
ChEMBL:1201631,insulin human,['C0795635']
ChEMBL:2105722,nomegestrol,['C0068922']
ChEMBL:841,loperamide,['C0023992']
ChEMBL:1670,mitotane,['C0026256']
ChEMBL:477874,flurothyl,['C0016380']
ChEMBL:1789843,belimumab,['C1723401']
ChEMBL:1077,bromfenac,['C3556169']
ChEMBL:1289926,axitinib,['C1700874']
ChEMBL:1442422,dibenzepin,['C0012030']
ChEMBL:1269025,edoxaban,['C3272851']
ChEMBL:1763,hydroflumethiazide,['C0020273']
ChEMBL:267345,amphotericin b,['C0002679']
ChEMBL:455706,calusterone,['C0006790']
ChEMBL:139,diclofenac,['C0012091']
ChEMBL:1201362,clobetasol,['C0008992']
ChEMBL:2110651,tiemonium,['C0771438']
ChEMBL:1200547,magnesium chloride,['C0024472']
ChEMBL:898,diflunisal,['C0012228']
ChEMBL:973,teriflunomide,['C3497721']
ChEMBL:3544926,obiltoxaximab,"['C4224090', 'C4224126', 'C4224790', 'C4224902', 'C4224933', 'C4224975', 'C4225044', 'C4225066', 'C4225085', 'C4225103']"
ChEMBL:669,cyclobenzaprine,['C0056732']
ChEMBL:1908391,masitinib,['C2351398']
ChEMBL:1201404,mometasone,['C0360564']
ChEMBL:1201497,insulin glargine,['C0907402']
ChEMBL:1096885,valrubicin,['C0068314']
ChEMBL:1200608,octinoxate,"['C0046100', 'C0046100']"
ChEMBL:934,metyrapone,['C0025876']
ChEMBL:788,idoxuridine,['C0020811']
ChEMBL:42336,methionine,['C0025646']
ChEMBL:17962,histidine,['C0019602']
ChEMBL:2109104,betiatide,['C0672188']
ChEMBL:1536,ergocalciferol,['C0014695']
ChEMBL:1743034,ixekizumab,['C3489764']
ChEMBL:1301,hydroxystilbamidine,['C0063195']
ChEMBL:1449,ticarcillin,['C0040193']
ChEMBL:476,dacarbazine,['C0010927']
ChEMBL:612,dextroamphetamine,['C0011812']
ChEMBL:1175,duloxetine,['C1505021']
ChEMBL:1187011,domiphen,['C0114827']
ChEMBL:2110626,triclobisonium,['C0301308']
ChEMBL:484,adefovir,['C0050175']
ChEMBL:1201823,abatacept,['C1619966']
ChEMBL:1440,tetracycline,['C0039644']
ChEMBL:1422,sitagliptin,['C1565750']
ChEMBL:1605,ceftibuten,['C0055014']
ChEMBL:502384,triethylenemelamine,['C0040975']
ChEMBL:1201826,idursulfase,['C1739462']
ChEMBL:491571,doripenem,['C1967545']
ChEMBL:223228,efavirenz,['C0674428']
ChEMBL:76,chloroquine,['C0700447']
ChEMBL:842,chlorothiazide,['C0008273']
ChEMBL:1200471,pyrithione zinc,['C0078792']
ChEMBL:1256391,pirfenidone,['C0298067']
ChEMBL:549473,dipyrithione,['C0058435']
ChEMBL:2104662,alfaprostol,['C0051147']
ChEMBL:1071,oxaprozin,['C0069739']
ChEMBL:1237119,treprostinil,['C1145760']
ChEMBL:1366,auranofin,['C0004320']
ChEMBL:1201340,diphemanil,['C0301371']
ChEMBL:1743062,ramucirumab,['C2742502']
ChEMBL:170,quinine,['C1740885']
ChEMBL:1725250,oxapium,['C1146725']
ChEMBL:1589,acetohexamide,['C0000992']
ChEMBL:2108546,pegaspargase,['C0071568']
ChEMBL:2106161,epitiostanol,['C0059457']
ChEMBL:1240977,oxantel,['C0069734']
ChEMBL:1201562,interferon beta-1a,['C0254119']
ChEMBL:2205250,laidlomycin,['C0064624']
ChEMBL:1885437,eprazinone,['C0059469']
ChEMBL:472,glyburide,['C0017628']
ChEMBL:499808,caspofungin,['C0537894']
ChEMBL:1413199,diphenadione,['C0058366']
ChEMBL:1580,pentostatin,['C0030896']
ChEMBL:1201666,lepirudin,['C0772394']
ChEMBL:506871,veliparib,['C1958300']
ChEMBL:2105689,luliconazole,['C1956280']
ChEMBL:54976,tryptophan,['C0041249']
ChEMBL:19224,papaverine,['C0030350']
ChEMBL:2105345,propanidid,['C0033439']
ChEMBL:1042,cholecalciferol,['C3265062']
ChEMBL:3301675,linaclotide,['C3496839']
ChEMBL:340801,perlapine,['C0070450']
ChEMBL:3544996,idarucizumab,['C3885063']
ChEMBL:902,famotidine,['C0015620']
ChEMBL:1751,digoxin,['C0012265']
ChEMBL:18,ethoxzolamide,['C0015052']
ChEMBL:1648,isradipine,['C0071304']
ChEMBL:1182833,mivacurium,['C0066621']
ChEMBL:607400,brivaracetam,['C1699861']
ChEMBL:1234886,oxygen,['C0030054']
ChEMBL:2108638,raxibacumab,['C2717174']
ChEMBL:2364655,evolocumab,['C3853918']
ChEMBL:2095212,mirabegron,['C3485428']
ChEMBL:980,guaifenesin,['C0018305']
ChEMBL:2040681,spinosad,['C0961781']
ChEMBL:1197,hexylcaine,['C0062686']
ChEMBL:1743049,olaratumab,['C2698152']
ChEMBL:1370,budesonide,['C0054201']
ChEMBL:3317857,vaborbactam,"['C4482909', 'C4482910', 'C4487255', 'C4519317']"
ChEMBL:1200969,dutasteride,['C0754659']
ChEMBL:1201649,"estrogens, conjugated",['C0014938']
ChEMBL:187709,triparanol,['C0041088']
ChEMBL:193,nifedipine,['C0028066']
ChEMBL:1201217,dyclonine,['C0058831']
ChEMBL:2110703,tiletamine,['C0040217']
ChEMBL:415324,tranilast,['C0146337']
ChEMBL:3301587,durvalumab,"['C4473950', 'C4473952', 'C4473956', 'C4473955', 'C4473953', 'C4473962', 'C4055109', 'C4473960', 'C4473959', 'C4473951']"
ChEMBL:1796997,helium,['C0018880']
ChEMBL:2110824,buserelin,['C0006456']
ChEMBL:878,metolazone,['C0701383']
ChEMBL:1697767,phenyramidol,['C1510448']
ChEMBL:1206,profenamine,['C0015042']
ChEMBL:1630,amodiaquine,['C0002641']
ChEMBL:1789844,ipilimumab,['C1367202']
ChEMBL:449,butabarbital,['C0006464']
ChEMBL:231779,apixaban,['C1831808']
ChEMBL:442,ergotamine,['C0014710']
ChEMBL:1200593,gadoteridol,['C0060930']
ChEMBL:413,sirolimus,['C0072980']
ChEMBL:1495,oxyphencyclimine,['C0304424']
ChEMBL:20883,tegafur,['C0016778']
ChEMBL:605846,olodaterol,['C2934193']
ChEMBL:3187032,diazolidinyl urea,['C0057749']
ChEMBL:32838,fumagillin,['C0060819']
ChEMBL:1201774,sapropterin,['C0048897']
ChEMBL:1086440,triclabendazole,['C0077071']
ChEMBL:537,hydroquinone,['C0020306']
ChEMBL:1628227,doxepin,['C0013085']
ChEMBL:1201271,buclizine,['C0164386']
ChEMBL:1200453,docosanol,['C0075770']
ChEMBL:2133806,jnj-38877605,['C2703089']
ChEMBL:2063090,grazoprevir anhydrous,"['C4080460', 'C4255551']"
ChEMBL:1088,mesoridazine,['C0025497']
ChEMBL:668,protriptyline,['C0033743']
ChEMBL:1200829,gluconolactone,['C0061387']
ChEMBL:1643895,ramosetron,['C0526950']
ChEMBL:514674,deoxycholic acid,['C0011479']
ChEMBL:36,pyrimethamine,['C0034283']
ChEMBL:410414,dirlotapide,['C1958588']
ChEMBL:2104786,pantethine,['C0070034']
ChEMBL:1231723,polidocanol,['C0071330']
ChEMBL:1200907,trilostane,['C0077144']
ChEMBL:387675,daptomycin,['C0057144']
ChEMBL:594,emedastine,['C0720184']
ChEMBL:1909303,colestipol,['C0009279']
ChEMBL:1140,niacinamide,['C0028027']
ChEMBL:809,sertraline,['C0074393']
ChEMBL:159,vinblastine,['C0042670']
ChEMBL:340978,benoxaprofen ammonium,"['C0053111', 'C0002611']"
ChEMBL:1582,dromostanolone,['C0058753']
ChEMBL:1742992,blinatumomab,['C3853839']
ChEMBL:54943,cysteine,['C0010654']
ChEMBL:79,lidocaine,['C0023660']
ChEMBL:951,iophendylate,['C0022029']
ChEMBL:1303,rotigotine,['C1700683']
ChEMBL:511,pyrilamine,['C0034282']
ChEMBL:1201621,somatropin,['C0169964']
ChEMBL:182,ganciclovir,['C0017066']
ChEMBL:1201577,cetuximab,['C0995188']
ChEMBL:1201561,peginterferon alfa-2b,['C0796545']
ChEMBL:223520,kanamycin a,['C0022487']
ChEMBL:1453,uzarigenin,['C0042175']
ChEMBL:174,ampicillin,['C0002680']
ChEMBL:770,tolazoline,['C0040373']
ChEMBL:95855,nicarbazin,['C0028004']
ChEMBL:1484,nicardipine,['C0028005']
ChEMBL:1201866,liraglutide,['C1456408']
ChEMBL:2110773,cimetropium,['C0141757']
ChEMBL:1496,rosuvastatin,['C0965129']
ChEMBL:1676,fluticasone furoate,['C1948374']
ChEMBL:2106411,dihydro-.beta.-ergocryptine mesylate,['C0304433']
ChEMBL:1020,tolmetin,['C0040377']
ChEMBL:404215,pridinol,['C0071968']
ChEMBL:945,amiloride,['C0002502']
ChEMBL:1764,levomepromazine,['C0025678']
ChEMBL:452231,teniposide,['C0039512']
ChEMBL:1037,guanadrel,['C0061938']
ChEMBL:608,probucol,['C0033215']
ChEMBL:556,deferoxamine,['C0011145']
ChEMBL:493,bromocriptine,['C0006230']
ChEMBL:178803,blonanserin,"['C0287983', 'C1174156']"
ChEMBL:1590,pseudoephedrine,['C0033798']
ChEMBL:1201095,chlormerodrin hg-197,"['C2608094', 'C0008217']"
ChEMBL:1173655,afatinib,['C2987648']
ChEMBL:297362,xylazine,['C0043366']
ChEMBL:833,ticlopidine,['C0040207']
ChEMBL:48361,dabigatran,['C2348066']
ChEMBL:1200694,sevoflurane,['C0074414']
ChEMBL:51149,gallopamil,['C0016986']
ChEMBL:87563,gabexate,['C0085231']
ChEMBL:409542,retapamulin,['C1703334']
ChEMBL:2105458,thenalidine,['C0076382']
ChEMBL:408,troglitazone,['C0245514']
ChEMBL:1084926,gne-493,['C1428183']
ChEMBL:1436,cefuroxime,['C0007562']
ChEMBL:923,risedronic acid,['C0140610']
ChEMBL:2106589,enocitabine,['C0059364']
ChEMBL:2108710,rimabotulinumtoxinb,['C2719430']
ChEMBL:1237068,lactulose,['C0022957']
ChEMBL:1201317,triclofos,['C0077073']
ChEMBL:1016,candesartan,['C0717550']
ChEMBL:1180725,propantheline,['C0033448']
ChEMBL:87385,zuclopenthixol,['C0376160']
ChEMBL:189,milrinone,['C0128513']
ChEMBL:412873,sparteine,['C0037760']
ChEMBL:22,trimethoprim,['C0041041']
ChEMBL:1595,dihydrocodeine,['C0058056']
ChEMBL:1790041,ranitidine,['C0592278']
ChEMBL:1201353,dexchlorpheniramine,['C0057606']
ChEMBL:1069,valsartan,['C0719949']
ChEMBL:353972,atipamezole,['C0052593']
ChEMBL:570,triflupromazine,['C0040989']
ChEMBL:304902,clothiapine,['C0009071']
ChEMBL:680,cefaclor anhydrous,['C0007537']
ChEMBL:460,molindone,['C0026388']
ChEMBL:452859,butoctamide,['C0054260']
ChEMBL:254316,raltegravir,['C1967563']
ChEMBL:2108677,peginterferon beta-1a,"['C3848580', 'C0982327']"
ChEMBL:1201832,romiplostim,['C2364481']
ChEMBL:44884,ethambutol,['C0014964']
ChEMBL:278398,phenindamine,['C0070563']
ChEMBL:463,aminohippuric acid,['C0030123']
ChEMBL:1743087,vedolizumab,['C2742797']
ChEMBL:1765291,zaltoprofen,"['C2930434', 'C0072652']"
ChEMBL:918,phenacemide,['C0070525']
ChEMBL:3561695,poloxamer 338,['C0032397']
ChEMBL:398435,ticagrelor,['C1999375']
ChEMBL:2104391,insulin detemir,['C0537270']
ChEMBL:22097,lormetazepam,['C0065185']
ChEMBL:1709464,phenazepam,['C0070543']
ChEMBL:1200584,potassium aminosalicylate,"['C1709612', 'C0032821', 'C0368663']"
ChEMBL:58,mitoxantrone,['C0026259']
ChEMBL:822,terbinafine,['C0076110']
ChEMBL:1233511,fytic acid,['C0031855']
ChEMBL:1079604,metaxalone,['C0163055']
ChEMBL:2104404,emodepside,['C1172566']
ChEMBL:177756,fluorescein,['C0060520']
ChEMBL:13291,fludiazepam,['C0060485']
ChEMBL:1200555,iotrolan,['C0123865']
ChEMBL:1363,formoterol,['C0969589']
ChEMBL:1643,ribavirin,['C0035525']
ChEMBL:1076347,triclocarban,['C0077072']
ChEMBL:1201338,cyclopentolate,['C0010582']
ChEMBL:137,metronidazole,['C0025872']
ChEMBL:89598,vigabatrin,['C0048044']
ChEMBL:1200468,malathion,['C0024547']
ChEMBL:2104860,mepitiostane,['C0065964']
ChEMBL:2106347,dimethisterone anhydrous,['C0012391']
ChEMBL:58323,lacosamide,['C0893761']
ChEMBL:192,sildenafil,['C0529793']
ChEMBL:144673,hexetidine,['C0019468']
ChEMBL:503565,vinbarbital,['C0301408']
ChEMBL:1201595,laronidase,['C1302054']
ChEMBL:1750,clofarabine,['C0092777']
ChEMBL:276832,hydralazine,['C0020223']
ChEMBL:639,azelastine,['C0052762']
ChEMBL:671,thiotepa,['C0039871']
ChEMBL:606,misoprostol,['C0085174']
ChEMBL:1289601,lenvatinib,['C2986924']
ChEMBL:1306,terconazole,['C0076115']
ChEMBL:1201568,pegfilgrastim,['C1136535']
ChEMBL:1201827,panitumumab,['C0879427']
ChEMBL:1731,mezlocillin,['C0025893']
ChEMBL:2108709,collagenase clostridium histolyticum,['C0162745']
ChEMBL:1108,droperidol,['C0013136']
ChEMBL:581,fosinoprilat,"['C0075061', 'C0075061']"
ChEMBL:1625,oxybenzone,['C0069803']
ChEMBL:1200790,methyprylon,['C0025840']
ChEMBL:2107869,insulin degludec,"['C3491971', 'C0021641']"
ChEMBL:2103822,tasimelteon,['C1313052']
ChEMBL:1520,vardenafil,['C0971579']
ChEMBL:316004,lenperone,['C0064748']
ChEMBL:1192519,benazeprilat,['C0105523']
ChEMBL:1200522,avobenzone,['C0097513']
ChEMBL:1201589,omalizumab,['C0966225']
ChEMBL:1201756,asenapine,['C2000088']
ChEMBL:1079,tizanidine,['C0146011']
ChEMBL:814,fluvoxamine,['C0085228']
ChEMBL:132767,trapidil,['C0040779']
ChEMBL:108436,pelargonic acid,['C0070210']
ChEMBL:487253,bendamustine,['C0525079']
ChEMBL:250270,lercanidipine,['C0595331']
ChEMBL:1201173,medrysone,['C0065865']
ChEMBL:1663,perflutren,['C0937858']
ChEMBL:1201012,flurandrenolide,['C0016374']
ChEMBL:702,piperacillin anhydrous,['C0031955']
ChEMBL:3343679,iodide ion i-125,"['C2828292', 'C0021966', 'C0022023']"
ChEMBL:1605443,mebrofenin,['C1337345']
ChEMBL:141,lamivudine,['C0209738']
ChEMBL:1095,ethotoin,['C0015046']
ChEMBL:374731,telbivudine,['C1453933']
ChEMBL:1201625,cholestyramine,['C0008402']
ChEMBL:1201327,acetrizoic acid,['C0001017']
ChEMBL:643,promethazine,['C0033405']
ChEMBL:1463345,canrenone,['C0006882']
ChEMBL:1118,desvenlafaxine,['C1880288']
ChEMBL:509924,diflucortolone,['C0012227']
ChEMBL:867,iopanoic acid,['C0022028']
ChEMBL:104,clotrimazole,['C0009074']
ChEMBL:103,progesterone,['C0033308']
ChEMBL:1236962,omipalisib,['C4519177']
ChEMBL:3350037,octreotide,['C0028833']
ChEMBL:2105570,egualen,['C2348385']
ChEMBL:1697766,perazine,['C0030969']
ChEMBL:1201668,nesiritide,"['C0054015', 'C0054015']"
ChEMBL:99946,levomilnacipran,['C3541367']
ChEMBL:87708,lofepramine,['C0023961']
ChEMBL:452,clonazepam,['C0009011']
ChEMBL:1487,atorvastatin,['C0286651']
ChEMBL:706,cetyl alcohol,['C0055152']
ChEMBL:1221,sulconazole,['C0075503']
ChEMBL:1196,proparacaine,['C0072510']
ChEMBL:1201262,dipivefrin,['C0700488']
ChEMBL:2111101,pimavanserin,['C1722267']
ChEMBL:1615784,tetrofosmin,['C1366036']
ChEMBL:2108200,dimethicone,['C0037138']
ChEMBL:1256841,nialamide,['C0027999']
ChEMBL:2097081,nitroprusside,['C0037533']
ChEMBL:1200666,calcipotriene,['C0065767']
ChEMBL:1206211,anhydrous dextrose,"['C1165353', 'C1165353']"
ChEMBL:545,alcohol,['C0001962']
ChEMBL:1201620,somatrem,['C0143083']
ChEMBL:54,haloperidol,['C0018546']
ChEMBL:1405,estrone,['C0014942']
ChEMBL:592435,derenofylline,['C3272639']
ChEMBL:175691,rilpivirine,['C1566826']
ChEMBL:834,pamidronic acid,['C3714572']
ChEMBL:1532,quinethazone,['C0164608']
ChEMBL:1525287,famphur,['C0060057']
ChEMBL:285674,estazolam,['C0014892']
ChEMBL:116,amprenavir,['C0754188']
ChEMBL:2107841,albiglutide,['C2607479']
ChEMBL:916,tirofiban,['C0247025']
ChEMBL:1201139,megestrol,['C0025175']
ChEMBL:530,amdinocillin,['C0002435']
ChEMBL:2111112,vernakalant,['C2001572']
ChEMBL:3544909,calcifediol,['C0006657']
ChEMBL:301523,phenylalanine,['C0031453']
ChEMBL:3527065,amino acids,['C0002520']
ChEMBL:1123,dicyclomine,['C0591771']
ChEMBL:1200604,tropicamide,['C0041190']
ChEMBL:1614,deslanoside,['C0011689']
ChEMBL:637,venlafaxine,['C0078569']
ChEMBL:1490300,polystyrene sulfonic acid,['C0071686']
ChEMBL:251940,periciazine,['C0033459']
ChEMBL:1200937,dalfopristin,['C0756085']
ChEMBL:1029,miglustat,['C1321596']
ChEMBL:4,ofloxacin,['C0028902']
ChEMBL:2110746,dibutoline,['C0162973']
ChEMBL:191083,methylene blue cation,['C0025746']
ChEMBL:27193,dilevalol,['C0012368']
ChEMBL:856,primidone,['C0033148']
ChEMBL:461522,dipyrone,['C0012586']
ChEMBL:926,dobutamine,['C0012963']
ChEMBL:1229211,dolutegravir,['C3539953']
ChEMBL:2107342,gamithromycin,['C2975314']
ChEMBL:1351,carboplatin,['C0079083']
ChEMBL:2108429,mepolizumab,['C0969324']
ChEMBL:1444,letrozole,['C0246421']
ChEMBL:1739,metocurine,['C0066465']
ChEMBL:42710,eugenol,['C0015153']
ChEMBL:2105717,cabozantinib,['C3181682']
ChEMBL:184412,dronedarone,['C0766326']
ChEMBL:229128,mephenesin,['C0025379']
ChEMBL:714,albuterol,['C0001927']
ChEMBL:710,finasteride,['C0060389']
ChEMBL:1743010,elotuzumab,['C1832049']
ChEMBL:2103752,ziconotide,['C0211011']
ChEMBL:47,".alpha.-tocopherol, dl-",['C0969677']
ChEMBL:850,sparfloxacin,['C0052585']
ChEMBL:771,cycloserine,['C0010590']
ChEMBL:527,piroxicam,['C0687717']
ChEMBL:512351,betrixaban,['C2698385']
ChEMBL:1525826,sulfalene,['C0038683']
ChEMBL:896,hydroxyzine,['C0020404']
ChEMBL:1214,carbenicillin,['C0006976']
ChEMBL:546,oxprenolol,['C0700460']
ChEMBL:1377,proguanil,['C0008241']
ChEMBL:25202,tamibarotene,['C1567753']
ChEMBL:1201360,halobetasol,['C0082787']
ChEMBL:1200386,prednicarbate,['C0071836']
ChEMBL:484785,crisaborole,"['C4301781', 'C4301782', 'C4301783', 'C4301784', 'C4301785', 'C4301787', 'C4301788', 'C4301790']"
ChEMBL:782,tolbutamide,['C0040374']
ChEMBL:562,griseofulvin,['C0018242']
ChEMBL:2109038,imciromab pentetate,['C0245612']
ChEMBL:170052,ibafloxacin,"['C0098834', 'C1136559']"
ChEMBL:389621,hydrocortisone,['C0020268']
ChEMBL:2103737,hydroxocobalamin,['C0020316']
ChEMBL:3039498,grapiprant,"['C4300998', 'C4301000', 'C4300983', 'C4300992', 'C4300985', 'C4300988', 'C4300996', 'C4300999', 'C4278621', 'C4300989']"
ChEMBL:1249,iodide ion i-123,"['C3495673', 'C0021966', 'C0022023']"
ChEMBL:113,caffeine,['C0006644']
ChEMBL:2110862,dimethoxanate,['C0392426']
ChEMBL:596,fentanyl,['C0015846']
ChEMBL:1505,almotriptan,['C0914729']
ChEMBL:7728,hexobarbital,['C0019469']
ChEMBL:848,lenalidomide,['C1144149']
ChEMBL:1200424,pentetate zinc trisodium,['C0043501']
ChEMBL:1213353,prifinium,['C0771424']
ChEMBL:1233584,isoleucine,['C0022192']
ChEMBL:635,prednisone,['C0032952']
ChEMBL:290578,cambendazole,['C0006796']
ChEMBL:1201716,mecasermin,['C0904505']
ChEMBL:1087630,oxibendazole,['C0069763']
ChEMBL:3085436,viomycin,['C0042697']
ChEMBL:1597,dimercaprol,['C0012383']
ChEMBL:1098,bupivacaine,['C0006400']
ChEMBL:357995,bopindolol,['C0053941']
ChEMBL:363449,nadifloxacin,['C0286402']
ChEMBL:1230914,air,"['C3536832', 'C0001861']"
ChEMBL:1131,acitretin,['C0050559']
ChEMBL:1201646,inulin,['C0021936']
ChEMBL:2105737,sonidegib,['C3886731']
ChEMBL:290960,nifurtimox,['C0028073']
ChEMBL:385517,saxagliptin anhydrous,['C1611934']
ChEMBL:3039525,golvatinib,['C3642430']
ChEMBL:1201193,levobupivacaine,['C0873118']
ChEMBL:1201836,ofatumumab,['C1832027']
ChEMBL:2106830,piroheptine,['C0071147']
ChEMBL:1621,paliperidone,['C0753678']
ChEMBL:220491,brinzolamide,['C0673966']
ChEMBL:154126,ormeloxifene,['C1701687']
ChEMBL:25,aspirin,['C0004057']
ChEMBL:982,nalmefene,['C0068377']
ChEMBL:1601669,alfacalcidol,['C0044410']
ChEMBL:970,halazepam,['C0062092']
ChEMBL:249837,methacycline,['C0770655']
ChEMBL:75753,xamoterol,['C0078595']
ChEMBL:1237132,clevidipine,['C0766108']
ChEMBL:128,sumatriptan,['C0075632']
ChEMBL:1617,rifaximin,['C0073374']
ChEMBL:1619785,talampicillin,['C0039266']
ChEMBL:70972,seratrodast,['C0050339']
ChEMBL:799,cilostazol,['C0055729']
ChEMBL:1201505,fibrinolysin,['C0016016']
ChEMBL:524,methoxamine,['C0025681']
ChEMBL:1075,moricizine,['C0724636']
ChEMBL:69998,firocoxib,"['C1453102', 'C1453102']"
ChEMBL:1201027,glycopyrrolate,['C0017970']
ChEMBL:1257051,tedizolid,['C2744850']
ChEMBL:2303618,uzarin,[]
ChEMBL:458769,ethopabate,['C0015041']
ChEMBL:398707,hydromorphone,['C0012306']
ChEMBL:17,dichlorphenamide,['C0012086']
ChEMBL:1113,amoxapine,['C0002644']
ChEMBL:1194,prilocaine,['C0008846']
ChEMBL:2096654,hemin,['C0018988']
ChEMBL:1235872,sucrosofate,['C3712210']
ChEMBL:1200570,meglumine,['C0025179']
ChEMBL:1201345,tetradecyl hydrogen sulfate (ester),['C2919955']
ChEMBL:1477,cerivastatin,['C0724549']
ChEMBL:1237044,tramadol,['C0040610']
ChEMBL:416956,mefloquine,['C0025153']
ChEMBL:2107884,reslizumab,['C1869620']
ChEMBL:3275188,"lauryldimethyl-3,4-dichlorobenzylammonium",[]
ChEMBL:1201300,iothalamic acid,['C0022034']
ChEMBL:1599,cephapirin,['C0085905']
ChEMBL:1624,levothyroxine,['C0079691']
ChEMBL:3833408,magaldrate anhydrous,['C0065512']
ChEMBL:2146126,lithium,['C0085217']
ChEMBL:285802,zotepine,['C0078849']
ChEMBL:136737,nimustine,['C0028096']
ChEMBL:180022,neratinib,['C2713008']
ChEMBL:629,amitriptyline,['C0002600']
ChEMBL:1631107,cefquinome,['C0108939']
ChEMBL:450,metharbital,['C0025629']
ChEMBL:88,cyclophosphamide anhydrous,['C0010583']
ChEMBL:2354773,aurothioglucose,['C0018033']
ChEMBL:54661,flupentixol,['C0016367']
ChEMBL:1201496,insulin aspart,['C0123677']
ChEMBL:900,orphenadrine,['C0029309']
ChEMBL:1200359,sulfameter,['C0038685']
ChEMBL:506,primaquine,['C0033126']
ChEMBL:480,lansoprazole,['C0286036']
ChEMBL:956,suprofen,['C0038878']
ChEMBL:827,dexmethylphenidate,['C1170283']
ChEMBL:344159,tolvaptan,['C1176308']
ChEMBL:111,rimonabant,['C1142933']
ChEMBL:1685,dezocine,['C0057626']
ChEMBL:1201187,maraviroc,['C1667052']
ChEMBL:110458,migalastat,['C2698220']
ChEMBL:1251,ganirelix,['C0073629']
ChEMBL:622,etodolac,['C0059865']
ChEMBL:139367,peramivir,['C3872103']
ChEMBL:204656,elvitegravir,['C2606637']
ChEMBL:1200455,iohexol,['C0022005']
ChEMBL:1201798,sevelamer,['C0718050']
ChEMBL:160,cyclosporine,['C0010592']
ChEMBL:1004,doxylamine,['C0013092']
ChEMBL:1908360,everolimus,['C0541315']
ChEMBL:1697744,erdosteine,['C0059506']
ChEMBL:1257,enflurane,['C0014277']
ChEMBL:1237022,tocilizumab,['C1609165']
ChEMBL:1201274,levobetaxolol,['C1171274']
ChEMBL:1414320,suxibuzone,['C0075667']
ChEMBL:438,sulfamerazine,['C0038684']
ChEMBL:1337,nitisinone,['C0173083']
ChEMBL:1463,flucytosine,['C0016278']
ChEMBL:1200936,penicillin g procaine,['C0030830']
ChEMBL:1688852,valnemulin,['C0764565']
ChEMBL:778,dexmedetomidine,['C0113293']
ChEMBL:460026,icosapent,['C0000545']
ChEMBL:2147777,teneligliptin,['C2981308']
ChEMBL:1689063,avibactam,['C3489748']
ChEMBL:1882461,bevonium,['C0053533']
ChEMBL:797,phensuximide,['C0070592']
ChEMBL:1774461,florbetapir f-18,['C3475363']
ChEMBL:325041,bortezomib,['C1176309']
ChEMBL:509,meclofenamic acid,['C0025042']
ChEMBL:11298,serine,['C0036720']
ChEMBL:455,sulfacetamide,['C0038670']
ChEMBL:18442,plerixafor,['C1955474']
ChEMBL:409803,angiotensin amide,['C0003001']
ChEMBL:22150,chlorcyclizine,['C0008183']
ChEMBL:1201533,thyrotropin alfa,['C2587204']
ChEMBL:946,azatadine,['C0052759']
ChEMBL:1294,quinidine,['C0084273']
ChEMBL:2105487,sulfur,['C0038774']
ChEMBL:712,anisindione,['C0051919']
ChEMBL:1292,clofazimine,['C0008996']
ChEMBL:422648,prulifloxacin,['C0527129']
ChEMBL:1201220,diatrizoic acid,['C0012004']
ChEMBL:1387,norethynodrel,['C0028360']
ChEMBL:666,foscarnet,['C0730991']
ChEMBL:2104900,pipazethate,['C0071099']
ChEMBL:131,prednisolone,['C0032950']
ChEMBL:1201197,alatrofloxacin,['C0724517']
ChEMBL:289469,granisetron,['C0061863']
ChEMBL:515,chlorambucil,['C0008163']
ChEMBL:1201662,desirudin,['C0378366']
ChEMBL:692,glycerin,['C0017861']
ChEMBL:638,voriconazole,['C0393080']
ChEMBL:1182210,benzethonium,['C0005041']
ChEMBL:373742,vasopressin,['C1705480']
ChEMBL:411,diethylstilbestrol,['C0012203']
ChEMBL:1201723,sinecatechins,['C1960121']
ChEMBL:1388,monobenzone,['C0050962']
ChEMBL:1201564,interferon gamma-1b,['C0021741']
ChEMBL:2079587,stanozolol,['C0038149']
ChEMBL:84,topotecan,['C0886549']
ChEMBL:2108766,pyrethrum extract,['C0347993']
ChEMBL:965,carbamoylcholine,['C0006945']
ChEMBL:560,pentazocine,['C0030873']
ChEMBL:2103774,tibolone,['C0076660']
ChEMBL:1237026,tesamorelin,['C1876200']
ChEMBL:728,prochlorperazine,['C0033229']
ChEMBL:1200971,cephaloglycin anhydrous,['C0007721']
ChEMBL:1200810,doxercalciferol,['C0043668']
ChEMBL:908,chlorprothixene,['C0008290']
ChEMBL:3039567,sodium glycerophosphate,['C3642440']
ChEMBL:762,oxymetazoline,['C0030071']
ChEMBL:1537,azlocillin,['C0004499']
ChEMBL:1161632,carbonate ion,"['C3715099', 'C0007026', 'C0022023']"
ChEMBL:1201605,daclizumab,['C0663182']
ChEMBL:2107455,iguratimod,['C1872427']
ChEMBL:1261,anhydrous citric acid,['C0055819']
ChEMBL:1362,fluoride ion,"['C0016327', 'C0677517']"
ChEMBL:634,alfentanil,['C0002026']
ChEMBL:2104627,nifurpirinol,['C0068743']
ChEMBL:1201263,hydrocortamate,['C0544368']
ChEMBL:163,ritonavir,['C0292818']
ChEMBL:576127,fenspiride,['C0015843']
ChEMBL:940,gabapentin,['C0060926']
ChEMBL:152231,amosulalol,['C0103116']
ChEMBL:490,paroxetine,['C3651908']
ChEMBL:33,levofloxacin,['C3661457']
ChEMBL:2111066,isothipendyl,['C0064088']
ChEMBL:2105385,phenoperidine,['C0031432']
ChEMBL:564,promazine,['C0033399']
ChEMBL:477,adenosine,['C0001443']
ChEMBL:569,procaine,['C0033218']
ChEMBL:674,oseltamivir acid,"['C0874161', 'C0001128']"
ChEMBL:27,propranolol,['C0033497']
ChEMBL:1201538,insulin lispro,['C0293359']
ChEMBL:24147,resorcinol,['C0073085']
ChEMBL:1201749,difluprednate,['C0058004']
ChEMBL:1668,rescinnamine,['C0035167']
ChEMBL:1072,bumetanide,['C0006376']
ChEMBL:3137312,dasabuvir,['C3883272']
ChEMBL:1201270,methenamine,['C0025638']
ChEMBL:1201075,ioxilan,['C0063829']
ChEMBL:1201594,rasburicase,['C0937932']
ChEMBL:452076,cilnidipine,['C0378675']
ChEMBL:1200600,fluorometholone,['C0016351']
ChEMBL:1201585,trastuzumab,['C0728747']
ChEMBL:457547,micafungin,['C1120386']
ChEMBL:696,ethosuximide,['C0015043']
ChEMBL:239243,taurine,['C0039350']
ChEMBL:1753,clindamycin,['C0008947']
ChEMBL:761,naphazoline,['C0770988']
ChEMBL:469,ketorolac,['C0073631']
ChEMBL:1235508,"1,2-dimyristoyl-sn-glycero-3-phosphocholine",['C0031716']
ChEMBL:1490,trihexyphenidyl,['C0041009']
ChEMBL:1174,eptifibatide,['C0253563']
ChEMBL:781,mazindol,['C0024977']
ChEMBL:1201151,mestranol,['C0025506']
ChEMBL:1614637,pheneticillin,['C0520529']
ChEMBL:197,verapamil,['C0042523']
ChEMBL:446,sulfamethazine,['C0038686']
ChEMBL:3137326,deutetrabenazine,"['C4325371', 'C4325357', 'C4325362', 'C4325369', 'C4325368', 'C4325373', 'C4325367', 'C4325356', 'C4325355', 'C4325358']"
ChEMBL:2103870,lumacaftor,['C3852684']
ChEMBL:2103837,tafamidis,['C2745274']
ChEMBL:224325,chlorquinaldol,['C0008292']
ChEMBL:2096623,ioflupane i-123,['C1956796']
ChEMBL:1514715,ethamsylate,['C0014968']
ChEMBL:80,naloxone,['C3819096']
ChEMBL:1200807,norelgestromin,['C1120952']
ChEMBL:2110700,penthienate,['C0301375']
ChEMBL:1274,nilutamide,['C0068771']
ChEMBL:1073,glipizide,['C0017642']
ChEMBL:81,raloxifene,['C0244404']
ChEMBL:1987462,bamethan,['C0350190']
ChEMBL:563,flurbiprofen,['C0016377']
ChEMBL:269732,tacrolimus anhydrous,['C0085149']
ChEMBL:1095097,eplerenone,['C0961485']
ChEMBL:2105667,orvepitant,['C2983799']
ChEMBL:2104993,vortioxetine,['C3667599']
ChEMBL:419,mafenide,['C0024452']
ChEMBL:3833369,fish oil,['C0016157']
ChEMBL:1684,bendroflumethiazide,['C0004975']
ChEMBL:427,mechlorethamine,['C0025033']
ChEMBL:2104994,indisetron,['C2825324']
ChEMBL:1201587,alemtuzumab,['C0383429']
ChEMBL:529,azithromycin,['C0052796']
ChEMBL:2108336,lixisenatide,['C2973895']
ChEMBL:521,ibuprofen,['C0074814']
ChEMBL:1411979,methapyrilene,['C0025625']
ChEMBL:240163,pazufloxacin,['C0175022']
ChEMBL:1265,adapalene,['C0165631']
ChEMBL:2105128,flumethiazide,['C0301547']
ChEMBL:53463,doxorubicin,['C0013089']
ChEMBL:1201822,galsulfase,"['C1615657', 'C1615657']"
ChEMBL:1398654,chlorisondamine,['C0008211']
ChEMBL:1378,thiethylperazine,['C0039865']
ChEMBL:1013,loracarbef,['C0065295']
ChEMBL:505,chlorpheniramine,['C0008281']
ChEMBL:464345,gluconic acid,['C0220836']
ChEMBL:3301581,abaloparatide,"['C4042342', 'C4475095', 'C4475096', 'C4475097', 'C4475098', 'C4475100', 'C4475101', 'C4475103', 'C4475104', 'C4475105']"
ChEMBL:22498,pheniprazine,['C0031407']
ChEMBL:367463,pranoprofen,['C0072652']
ChEMBL:1201196,sertaconazole,['C0074391']
ChEMBL:549,citalopram,['C0008845']
ChEMBL:578,enalapril,['C0014025']
ChEMBL:787,montelukast,['C0298130']
ChEMBL:1655,toremifene,['C0600382']
ChEMBL:231813,telaprevir,['C1876229']
ChEMBL:55400,proflavine,['C0033294']
ChEMBL:535,sunitinib,['C1176020']
ChEMBL:1200370,benzoyl peroxide,['C0005088']
ChEMBL:1200934,norgestimate,['C0068992']
ChEMBL:2104461,haloxazolam,['C0120735']
ChEMBL:1503,omeprazole,['C0028978']
ChEMBL:1868702,gestrinone,['C0017507']
ChEMBL:1094,felbamate,['C0060135']
ChEMBL:483254,panobinostat,['C3892978']
ChEMBL:790,chlorhexidine,['C0008199']
ChEMBL:61593,cyclothiazide,['C0056831']
ChEMBL:1220,tinidazole,['C1601334']
ChEMBL:1115,pyridostigmine,['C0034261']
ChEMBL:1201392,flumethasone,['C0016294']
ChEMBL:1471,aprepitant,['C1175300']
ChEMBL:1514,levomethadyl,['C0282232']
ChEMBL:397420,acenocoumarol,['C0000956']
ChEMBL:168815,cevimeline,['C0093437']
ChEMBL:1743070,siltuximab,['C1609931']
ChEMBL:1201191,levocetirizine,['C1311681']
ChEMBL:448,pentobarbital,['C0030883']
ChEMBL:1201087,cabergoline,['C0107994']
ChEMBL:1201054,selenomethionine se-75,['C0034616']
ChEMBL:2220442,fluvastatin,['C0082608']
ChEMBL:654,mirtazapine,['C0049506']
ChEMBL:2108989,asparaginase,"['C2681123', 'C0003993']"
ChEMBL:57242,azilsartan,['C1958569']
ChEMBL:517712,atropine,['C0004259']
ChEMBL:1323,darunavir,['C1435444']
ChEMBL:550,pilocarpine,['C0699930']
ChEMBL:22108,dimethindene,['C0813204']
ChEMBL:1445,fluoxymesterone,['C0016366']
ChEMBL:2105618,allylestrenol,['C0002158']
ChEMBL:855,triprolidine,['C0041098']
ChEMBL:119,trimetrexate,['C0077209']
ChEMBL:435298,esflurbiprofen,['C2825249']
ChEMBL:1201208,phenmetrazine,['C0700556']
ChEMBL:773,glycine,['C0017890']
ChEMBL:1017,telmisartan,['C0248719']
ChEMBL:1164729,febuxostat,['C0249529']
ChEMBL:2110563,cyanocobalamin,['C0042845']
ChEMBL:1201229,demecarium,['C0057361']
ChEMBL:1200507,iodixanol,['C0063757']
ChEMBL:931,halothane,['C0018549']
ChEMBL:2103875,trametinib,['C3644500']
ChEMBL:893,dicloxacillin,['C0012093']
ChEMBL:471,sotalol,['C0037707']
ChEMBL:1726,nisoldipine,['C0028116']
ChEMBL:2110596,azapetine,['C0052752']
ChEMBL:2103867,plecanatide,['C3711911']
ChEMBL:1324,tolcapone,['C0246330']
ChEMBL:1201294,diphenoxylate,['C0012525']
ChEMBL:2365763,peplomycin,['C0135981']
ChEMBL:1201431,dornase alfa,"['C1135662', 'C1135662']"
ChEMBL:1201556,becaplermin,['C0379135']
ChEMBL:1201356,methylergonovine,['C0289432']
ChEMBL:1008,bepridil,['C0770909']
ChEMBL:1201293,acamprosate,['C0284941']
ChEMBL:2051960,carbazochrome,['C0006972']
ChEMBL:1201619,aprotinin,['C0003641']
ChEMBL:996,cefoxitin,['C0007557']
ChEMBL:698,tetracaine,['C0039629']
ChEMBL:492,etidocaine,['C0015120']
ChEMBL:1201046,ceforanide,['C0055008']
ChEMBL:1561,miglitol,['C0066535']
ChEMBL:2096648,urea c-13,['C0732290']
ChEMBL:395110,pecazine,['C0065954']
ChEMBL:1200945,pentetate calcium trisodium,['C0520458']
ChEMBL:2403108,ceritinib,['C3818721']
ChEMBL:295698,ketoconazole,['C0022625']
ChEMBL:224436,josamycin,['C0022419']
ChEMBL:1286,levetiracetam,['C0876060']
ChEMBL:1189679,palonosetron,['C0220578']
ChEMBL:667,acetylcholine,['C0001041']
ChEMBL:178,daunorubicin,['C0011015']
ChEMBL:1200963,bimatoprost,['C0939372']
ChEMBL:1201239,iodamide,['C0021961']
ChEMBL:37161,fenbendazole,['C0015821']
ChEMBL:1201472,icodextrin,['C0538727']
ChEMBL:1201520,urofollitropin,['C0524639']
ChEMBL:85,risperidone,['C0073393']
ChEMBL:1100,paramethadione,['C0070072']
ChEMBL:253376,bromhexine,['C0006220']
ChEMBL:1201242,indecainide,['C0063455']
ChEMBL:514,lomustine,['C0023972']
ChEMBL:503,lovastatin,['C0024027']
ChEMBL:1201554,antithrombin alfa,"['C1448437', 'C0003440', 'C0439095']"
ChEMBL:186,cefepime,['C0055003']
ChEMBL:457,gemfibrozil,['C0017245']
ChEMBL:1201760,besifloxacin,['C2351042']
ChEMBL:1683590,eribulin,['C2608038']
ChEMBL:184,acyclovir,['C0001367']
ChEMBL:92401,iproniazid,['C0022059']
ChEMBL:765,guanethidine,['C0018318']
ChEMBL:3301678,monoctanoin,['C0066770']
ChEMBL:2104426,framycetin,['C0016673']
ChEMBL:1547,thiamine ion,['C0039840']
ChEMBL:330546,"lactic acid, l-",['C0064582']
ChEMBL:2107516,budralazine,['C0054203']
ChEMBL:979,meprobamate,['C0025386']
ChEMBL:1201319,metaraminol,['C0025576']
ChEMBL:655,midazolam,['C0026056']
ChEMBL:1290,penbutolol,['C0030812']
ChEMBL:1201677,colesevelam,['C0541155']
ChEMBL:2105979,amisometradine,['C0301545']
ChEMBL:914,fexofenadine,['C0296800']
ChEMBL:376140,tigecycline,['C1260298']
ChEMBL:1201636,hyaluronidase,['C0020197']
ChEMBL:1200391,tromethamine,['C0041175']
ChEMBL:1200868,phenyl aminosalicylate,"['C1882366', 'C1177221', 'C0368663']"
ChEMBL:319706,ifenprodil,['C0063340']
ChEMBL:839,carteolol,['C0007299']
ChEMBL:35,furosemide,['C0016860']
ChEMBL:1278,naratriptan,['C0540623']
ChEMBL:1197206,tolonium,"['C0040380', 'C0777556', 'C1261650', 'C1261835', 'C3212069']"
ChEMBL:3127326,ombitasvir,['C3883273']
ChEMBL:559,dextrothyroxine,['C0011824']
ChEMBL:2107857,metreleptin,['C0961965']
ChEMBL:126,linezolid,['C0663241']
ChEMBL:691,ethinyl estradiol,['C0015011']
ChEMBL:1316,carprofen,['C1702507']
ChEMBL:2028019,cariprazine,['C2936870']
ChEMBL:1293,.beta.-carotene,['C0053396']
ChEMBL:1498,desoxycortone,['C0011710']
ChEMBL:106,fluconazole,['C0016277']
ChEMBL:473417,vismodegib,['C3265872']
ChEMBL:1399,anastrozole,['C0290883']
ChEMBL:1000,cetirizine,['C0055147']
ChEMBL:534,ketotifen,['C0022642']
ChEMBL:2221250,capreomycin,['C0262964']
ChEMBL:1051,latanoprost,['C0090306']
ChEMBL:255863,nilotinib,['C1721377']
ChEMBL:2105760,brexpiprazole,['C3885614']
ChEMBL:267495,nalfurafine,['C2825264']
ChEMBL:990,butenafine,['C0107497']
ChEMBL:1502,pantoprazole,['C0081876']
ChEMBL:8,ciprofloxacin,['C0008809']
ChEMBL:290916,edaravone,['C0070694']
ChEMBL:2104385,carbomycin,['C0054700']
ChEMBL:1619,cladribine,['C0092801']
ChEMBL:658,sufentanil,['C0143993']
ChEMBL:434394,nebivolol,['C0068475']
ChEMBL:12,diazepam,['C0012010']
ChEMBL:2365712,dihydroergocornine,['C0012288']
ChEMBL:1200690,lypressin,['C0024328']
ChEMBL:2107254,cloxazolam,['C0055964']
ChEMBL:1525,permethrin,['C0070455']
ChEMBL:2105720,lesinurad,['C3886073']
ChEMBL:1201287,dexbrompheniramine,['C0057605']
ChEMBL:1237021,lurasidone,['C2954611']
ChEMBL:704,mesalamine,['C0127615']
ChEMBL:511142,buprenorphine,['C0006405']
ChEMBL:1587,polythiazide,['C0728773']
ChEMBL:542,aminobenzoic acid,['C0000473']
ChEMBL:1389,levonorgestrel,['C0023566']
ChEMBL:1420,pralidoxime,['C0138210']
ChEMBL:2108701,hydroxyethyl starch 130/0.4,"['C3495434', 'C0020352']"
ChEMBL:1200346,gadodiamide,['C0082646']
ChEMBL:1454,levamisole,['C0733383']
ChEMBL:117785,tetrabenazine,['C0039623']
ChEMBL:1398373,pirarubicin,['C0071126']
ChEMBL:585,triamterene,['C0040869']
ChEMBL:2219536,mipomersen,['C2604635']
ChEMBL:1068,oxcarbazepine,['C0069751']
ChEMBL:1623992,piperidolate,['C0349890']
ChEMBL:493682,denopamine,['C0075749']
ChEMBL:1084647,vilanterol,['C2935023']
ChEMBL:2107834,riociguat,['C3667657']
ChEMBL:3833373,avelumab,"['C4055417', 'C4324807', 'C4324808', 'C4324809', 'C4324810', 'C4324812', 'C4324813', 'C4324815', 'C4324816', 'C4324817']"
ChEMBL:1697771,rebamipide,['C0069562']
ChEMBL:817,tolazamide,['C0040372']
ChEMBL:1201227,cycrimine,['C0056835']
ChEMBL:114,saquinavir,['C0701215']
ChEMBL:1201780,carglumic acid,['C1318649']
ChEMBL:451,chlordiazepoxide,['C0008188']
ChEMBL:1419,sibutramine,['C0074493']
ChEMBL:1201198,pemirolast,['C0053881']
ChEMBL:2,prazosin,['C0032912']
ChEMBL:964,disulfiram,['C0012772']
ChEMBL:608533,midostaurin,['C0526371']
ChEMBL:1201192,armodafinil,['C1871544']
ChEMBL:858,edetic acid,['C0012695']
ChEMBL:72,desipramine,['C0011685']
ChEMBL:2105897,barium sulfate,['C0004754']
ChEMBL:3707331,rolapitant,['C3273719']
ChEMBL:1201341,echothiophate,['C0301366']
ChEMBL:1021,nepafenac,['C0961209']
ChEMBL:46102,roxatidine,['C0073601']
ChEMBL:1201096,krypton kr-81m,"['C0303689', 'C0022792']"
ChEMBL:1336,sorafenib,['C1516119']
ChEMBL:3039537,sebelipase alfa,"['C2003941', 'C0439095']"
ChEMBL:2111030,prothipendyl,['C0772014']
ChEMBL:17423,vesnarinone,['C0148345']
ChEMBL:437,sulfathiazole,['C0038722']
ChEMBL:218394,boceprevir,['C1738934']
ChEMBL:2364648,guselkumab,['C3852217']
ChEMBL:167731,pixantrone,['C0253355']
ChEMBL:3137342,dinutuximab,['C3871452']
ChEMBL:567597,artemisinin,['C0052430']
ChEMBL:82970,salicylanilide,['C0036073']
ChEMBL:2105275,propylhexedrine,['C0033508']
ChEMBL:57,nevirapine,['C0132326']
ChEMBL:21,sulfanilamide,['C0038702']
ChEMBL:2141296,ixazomib,['C3273711']
ChEMBL:1431,metformin,['C0025598']
ChEMBL:1201234,mephentermine,['C0025380']
ChEMBL:589586,monomethyl fumarate,"['C3848524', 'C0016801']"
ChEMBL:3137343,pembrolizumab,['C3658706']
ChEMBL:454446,cefditoren,['C0245519']
ChEMBL:1201560,peginterferon alfa-2a,['C0391001']
ChEMBL:1219,rabeprazole,['C0378482']
ChEMBL:405,amphetamine,['C0002658']
ChEMBL:1159717,tulobuterol,['C0077497']
ChEMBL:1177,pemoline,['C0030800']
ChEMBL:24,atenolol,['C0004147']
ChEMBL:3301572,nusinersen,"['C4301236', 'C4301237', 'C4301238', 'C4301239', 'C4301240', 'C4301242', 'C4301243', 'C4301245', 'C4301246', 'C4301247']"
ChEMBL:1531,etonogestrel,['C0047683']
ChEMBL:1200585,oxymetholone,['C0030072']
ChEMBL:13209,nitrazepam,['C0028126']
ChEMBL:895,nalbuphine,['C0027348']
ChEMBL:628,pentoxifylline,['C0030899']
ChEMBL:750,zonisamide,['C0078844']
ChEMBL:65543,n-acetyltyrosine,['C0067794']
ChEMBL:36633,oxiracetam,['C0069772']
ChEMBL:2104790,mephenoxalone,['C0065959']
ChEMBL:677,levonordefrin,['C0520472']
ChEMBL:363295,terodiline,['C0076126']
ChEMBL:603,zafirlukast,['C0378466']
ChEMBL:2104987,teduglutide,['C1530889']
ChEMBL:15721,nifuroxime,['C0028072']
ChEMBL:470670,levomenthol,['C0025368']
ChEMBL:1401333,oxytetracycline anhydrous,['C0030092']
ChEMBL:1200680,selenium sulfide,['C0074281']
ChEMBL:567,perphenazine,['C0031184']
ChEMBL:440,thiamylal,['C0700559']
ChEMBL:1237025,pegloticase,['C2350656']
ChEMBL:134,clonidine,['C0009014']
ChEMBL:314854,fingolimod,['C1699926']
ChEMBL:63857,phenolphthalein,['C0600489']
ChEMBL:408513,belinostat,['C1948068']
ChEMBL:8659,oleic acid,['C0028928']
ChEMBL:942,bisacodyl,['C0005632']
ChEMBL:1395,methyltestosterone,['C0025826']
ChEMBL:849,triclosan,['C0040958']
ChEMBL:1201467,"estrogens, conjugated synthetic b","['C0014939', 'C1883254']"
ChEMBL:1766,desoximetasone,['C0011707']
ChEMBL:153479,ambroxol,['C1367795']
ChEMBL:373081,micronomicin,['C0771450']
ChEMBL:1788401,cyclobendazole,['C2699486']
ChEMBL:43068,valine,['C0042285']
ChEMBL:485696,sulfisomidine,['C0038744']
ChEMBL:471737,ivabradine,['C4019965']
ChEMBL:1314,tiopronin,['C0025405']
ChEMBL:1789941,ruxolitinib,['C2931926']
ChEMBL:644,trimipramine,['C0041056']
ChEMBL:1743007,daratumumab,['C2346801']
ChEMBL:1200656,natamycin,['C0027444']
ChEMBL:2109047,interferon alfa-n3,['C1610033']
ChEMBL:407135,colistin,['C0009316']
ChEMBL:2103784,cosyntropin,['C0010192']
ChEMBL:1622,folic acid,['C0016410']
ChEMBL:1493,flavoxate,['C0016225']
ChEMBL:2104294,dimorpholamine,['C0058284']
ChEMBL:1201182,temsirolimus,['C1707080']
ChEMBL:1946170,regorafenib,['C3537697']
ChEMBL:113313,capromorelin,['C1259613']
ChEMBL:1729,cisapride,['C0724554']
ChEMBL:1103,furazolidone,['C0016855']
ChEMBL:1200342,paramethasone acetate,['C0070073']
ChEMBL:127487,cyclomethycaine,['C0056780']
ChEMBL:891,cloxacillin,['C0009077']
ChEMBL:1201179,lapatinib,['C1506770']
ChEMBL:1201243,ipodic acid,['C0006703']
ChEMBL:429910,dapagliflozin,['C3555622']
ChEMBL:2107774,robenacoxib,['C2825257']
ChEMBL:1450486,thiphenamil,['C0076531']
ChEMBL:32,moxifloxacin,['C0875968']
ChEMBL:566315,obeticholic acid,"['C1143019', 'C0001128']"
ChEMBL:2105567,cefalonium,['C0055074']
ChEMBL:1201268,methscopolamine,['C0301374']
ChEMBL:1474900,olprinone,['C0637063']
ChEMBL:19299,loxoprofen,['C0065199']
ChEMBL:1201586,palivizumab,['C0672596']
ChEMBL:957,bosentan,['C1529800']
ChEMBL:709,alfuzosin,['C0051150']
ChEMBL:19490,zomepirac,['C0078840']
ChEMBL:1755,conivaptan,['C0966107']
ChEMBL:1774055,az-960,['C2604886']
ChEMBL:2095208,cobicistat,['C3858034']
ChEMBL:2111099,maropitant,['C1871004']
ChEMBL:1736151,etafenone,['C0059677']
ChEMBL:1897362,haloxon,['C0062110']
ChEMBL:1237,lisinopril,['C0065374']
ChEMBL:2108184,crofelemer,['C2744960']
ChEMBL:13,metoprolol,['C0350132']
ChEMBL:1089,phenelzine,['C0031392']
ChEMBL:1908355,tenidap,['C0076092']
ChEMBL:27810,celiprolol,['C0055021']
ChEMBL:1229517,vemurafenib,['C3192263']
ChEMBL:395429,oxytocin,['C0030095']
ChEMBL:3039590,bleomycin,['C0005740']
ChEMBL:640,procainamide,['C0033216']
ChEMBL:776,metaproterenol,['C0029193']
ChEMBL:291747,threonine,['C0040005']
ChEMBL:59,dopamine,['C0013030']
ChEMBL:2040682,ciclesonide,['C0907850']
ChEMBL:766,cilastatin,['C0008777']
ChEMBL:495,alprostadil,['C0002335']
ChEMBL:416755,oxolinic acid,['C0030031']
ChEMBL:1346,darifenacin,['C1310721']
ChEMBL:1200356,cyclacillin,['C0010523']
ChEMBL:1201864,dienogest,['C0057916']
ChEMBL:317052,regadenoson anhydrous,['C1698215']
ChEMBL:1059,pregabalin,['C0657912']
ChEMBL:105,mitomycin,['C0002475']
ChEMBL:2107215,hydroxyphenamate,"['C0301410', 'C0301410']"
ChEMBL:56337,epalrestat,['C0095278']
ChEMBL:1541,cefixime anhydrous,['C0060400']
ChEMBL:1545,tizoxanide,['C0535187']
ChEMBL:1672,cefpodoxime,['C0055011']
ChEMBL:1189513,furaltadone,['C0060849']
ChEMBL:1437,norepinephrine,['C0028351']
ChEMBL:218650,delamanid,['C3489682']
ChEMBL:299175,tretoquinol,['C0040846']
ChEMBL:52939,sarpogrelate,['C0286592']
ChEMBL:1262,oxiconazole,['C0069765']
ChEMBL:757,nandrolone,['C0027368']
ChEMBL:22587,itraconazole,['C0064113']
ChEMBL:1863515,glucarpidase,['C0007072']
ChEMBL:1242,phenazopyridine,['C0031379']
ChEMBL:1201251,arbutamine,['C0172021']
ChEMBL:12856,inamrinone,['C0304521']
ChEMBL:1200357,latamoxef,['C0026651']
ChEMBL:2042122,flutemetamol f-18,['C2983948']
ChEMBL:70,morphine,['C0770901']
ChEMBL:439,sulfadiazine,['C0723509']
ChEMBL:1198,pramoxine,['C0071810']
ChEMBL:1201232,isopropamide,['C0301373']
ChEMBL:1201284,cinacalcet,['C1337242']
ChEMBL:1697845,norethandrolone,['C0028355']
ChEMBL:2104381,cyanocobalamin co-58,['C0304962']
ChEMBL:1617285,cefsulodin,['C0007558']
ChEMBL:488,aminoglutethimide,['C0002555']
ChEMBL:455917,chloral hydrate,['C0008161']
ChEMBL:1096,amlexanox,['C0103049']
ChEMBL:414357,exenatide,['C0167117']
ChEMBL:1201515,pegvisomant,['C0913469']
ChEMBL:268869,sulfamethoxypyridazine,['C0038693']
ChEMBL:1055,chlorthalidone,['C0008294']
ChEMBL:1509,drospirenone,['C0043822']
ChEMBL:558913,psi-7411,[]
ChEMBL:1201380,diflorasone,['C0304612']
ChEMBL:1201405,moexiprilat,['C0209137']
ChEMBL:1200709,crotamiton,['C0056519']
ChEMBL:1591,demeclocycline,['C0011276']
ChEMBL:1534,riboflavin,['C0035527']
ChEMBL:66092,laquinimod,['C1260208']
ChEMBL:274323,aspartic acid,['C0004015']
ChEMBL:2104208,emylcamate,['C0175159']
ChEMBL:897,probenecid,['C0033209']
ChEMBL:429,labetalol,['C0022860']
ChEMBL:3039514,elbasvir,"['C4298752', 'C4080452', 'C4080460', 'C4080448', 'C4080052', 'C4299883', 'C4080453', 'C4307658', 'C4080457', 'C4080450']"
ChEMBL:272080,isepamicin,['C0124008']
ChEMBL:525610,teriparatide,['C0070093']
ChEMBL:316257,"dimyristoylphosphatidylcholine, dl-",['C0012456']
ChEMBL:1201129,decitabine,['C0049065']
ChEMBL:232202,arbutin,['C0003729']
ChEMBL:1542,azathioprine,['C0004482']
ChEMBL:2105909,almecillin,['C0368637']
ChEMBL:358040,norfenefrine,['C0068986']
ChEMBL:1201,thiothixene,['C0039955']
ChEMBL:572,nitrofurantoin,['C0028156']
ChEMBL:3739769,bezafibrate,['C0005330']
ChEMBL:1002,levalbuterol,['C0876218']
ChEMBL:803,cytarabine,['C0010711']
ChEMBL:1201746,pralatrexate,['C1721300']
ChEMBL:1200736,magnesium carbonate,['C0065517']
ChEMBL:30008,flunarizine,['C0016295']
ChEMBL:55,pentamidine,['C0030864']
ChEMBL:96783,xylitol,['C0043369']
ChEMBL:1023,bexarotene,['C0765273']
ChEMBL:1201134,lubiprostone,['C1684405']
ChEMBL:1201688,fomivirsen,['C0982166']
ChEMBL:53,apomorphine,['C0003596']
ChEMBL:1168,ramipril,['C0072973']
ChEMBL:2111038,thenium,['C0521914']
ChEMBL:329203,cyclopentamine,['C0163082']
ChEMBL:606258,oleandomycin,['C0028923']
ChEMBL:744,riluzole,['C0073379']
ChEMBL:64,isoniazid,['C0022209']
ChEMBL:1197792,bialamicol,['C0301342']
ChEMBL:1210954,balofloxacin,['C0173239']
ChEMBL:34259,methotrexate,['C0025677']
ChEMBL:954,clomiphene,['C0009008']
ChEMBL:1372341,pirenoxine,['C0752378']
ChEMBL:679,epinephrine,['C0014563']
ChEMBL:1747,tobramycin,['C0040341']
ChEMBL:1201313,chlophedianol,['C0055904']
ChEMBL:1697851,thiopropazate,['C0076513']
ChEMBL:404520,chlortetracycline,['C0008293']
ChEMBL:1201438,aldesleukin,['C0218986']
ChEMBL:1229908,ethamivan,['C0059692']
ChEMBL:107,colchicine,['C0009262']
ChEMBL:1201195,cefmetazole,['C0700470']
ChEMBL:1752,dyphylline,['C0013360']
ChEMBL:406117,gusperimus,['C0284559']
ChEMBL:305380,bupranolol,['C0006403']
ChEMBL:55643,copper,['C0009968']
ChEMBL:1311,isosorbide mononitrate,['C0064079']
ChEMBL:376488,bedaquiline,['C1664205']
ChEMBL:3039508,naldemedine tosylate,[]
ChEMBL:1488,uracil mustard,['C0041920']
ChEMBL:1524273,phthalylsulfathiazole,['C0070975']
ChEMBL:222813,zanamivir,['C0216660']
ChEMBL:1697829,ceftezole,"['C0055013', 'C0055013']"
ChEMBL:1743263,dihydro-.alpha.-ergocryptine,['C0304432']
ChEMBL:2110646,flutropium,"['C0873172', 'C0873172']"
ChEMBL:431,spirapril,['C0075007']
ChEMBL:1908841,levoleucovorin,['C2721771']
ChEMBL:1201204,cefpiramide,['C0055010']
ChEMBL:2105581,veralipride,['C0078168']
ChEMBL:924,zoledronic acid anhydrous,['C0257685']
ChEMBL:422330,lumefantrine,"['C0531104', 'C0531104']"
ChEMBL:660,amantadine,['C0002403']
ChEMBL:1742994,brentuximab vedotin,['C2973446']
ChEMBL:1201550,denileukin diftitox,['C0717670']
ChEMBL:435,hydrochlorothiazide,['C0020261']
ChEMBL:3545336,savolitinib,['C3642466']
ChEMBL:1201758,bepotastine,['C2698371']
ChEMBL:2028850,icatibant,['C0246269']
ChEMBL:989,fluocinolone acetonide,['C0016298']
ChEMBL:409153,isavuconazole,['C1832021']
ChEMBL:1200622,paricalcitol,['C0249582']
ChEMBL:1620144,pyricarbate,['C0034257']
ChEMBL:3770899,avanafil,['C2698280']
ChEMBL:237500,linagliptin,['C2746078']
ChEMBL:593,delavirdine,['C0288165']
ChEMBL:1201201,methamphetamine,['C0025611']
ChEMBL:30,cimetidine,['C0008783']
ChEMBL:1201828,eculizumab,['C1541483']
ChEMBL:398440,chloroxylenol,['C0055463']
ChEMBL:577,enalaprilat anhydrous,['C0014027']
ChEMBL:1908315,gemeprost,['C0044923']
ChEMBL:1589793,brilliant green cation,['C0054053']
ChEMBL:1201754,rufinamide,['C0213404']
ChEMBL:2106989,"menthol, (+)-",['C0025368']
ChEMBL:1215,phenylephrine,['C0031469']
ChEMBL:3039583,pasireotide,['C1872203']
ChEMBL:1430,penicillamine,['C0030817']
ChEMBL:1201407,unoprostone,"['C0772319', 'C0772319']"
ChEMBL:1007,gonadorelin,['C0023610']
ChEMBL:29,penicillin g,['C0030827']
ChEMBL:2103873,macitentan,['C3692493']
ChEMBL:720,benzyl alcohol,['C0005100']
ChEMBL:1172,desloratadine,['C0908935']
ChEMBL:2095222,ocriplasmin,['C0066522']
ChEMBL:3707307,fabomotizole,['C3871450']
ChEMBL:124211,butethamine,['C0301287']
ChEMBL:284348,dalfampridine,['C0000477']
ChEMBL:20,acetazolamide,['C0000981']
ChEMBL:498,chlorpropamide,['C0008287']
ChEMBL:1200596,chloroxine,['C0055461']
ChEMBL:1757,fosfomycin,['C0016610']
ChEMBL:1909300,heparin,['C0770546']
ChEMBL:185073,pancuronium,['C0030311']
ChEMBL:1393,spironolactone,['C0037982']
ChEMBL:657,diphenhydramine,['C0012522']
ChEMBL:686,mefenamic acid,['C0025152']
ChEMBL:125,miltefosine,['C0123429']
ChEMBL:451887,carfilzomib,['C2001856']
ChEMBL:609,trientine,['C0040976']
ChEMBL:502,donepezil,['C0527315']
ChEMBL:425,olsalazine,['C0069454']
ChEMBL:52,masoprocol,['C0733397']
ChEMBL:222559,tipranavir,['C0663733']
ChEMBL:1200799,travoprost,['C0937916']
ChEMBL:1397,posaconazole,['C0936148']
ChEMBL:741,lamotrigine,['C0678180']
ChEMBL:478120,marbofloxacin,['C0214439']
ChEMBL:1741,clarithromycin,['C0055856']
ChEMBL:783,nateglinide,['C0903898']
ChEMBL:1201517,perfluoropolymethylisopropyl ether,"['C3651725', 'C0014994']"
ChEMBL:517,disopyramide,['C0012702']
ChEMBL:1513,irbesartan,['C0288171']
ChEMBL:206253,netupitant,['C1700730']
ChEMBL:1229846,phenoxyethanol,['C0301042']
ChEMBL:810,temozolomide,['C0076080']
ChEMBL:1201718,hyaluronidase (human recombinant),"['C0020197', 'C0086418', 'C1514798', 'C0020114']"
ChEMBL:1065,methysergide,['C0036177']
ChEMBL:175247,orlistat,['C0076275']
ChEMBL:713,entecavir,['C0971023']
ChEMBL:2108727,talimogene laherparepvec,['C1831828']
ChEMBL:2023898,daclatasvir,['C3252090']
ChEMBL:1231649,carbomycin a,['C0054700']
ChEMBL:1762,tocainide,['C0886765']
ChEMBL:1738,dexrazoxane,['C0086444']
ChEMBL:1589896,hexoprenaline,['C0019476']
ChEMBL:367149,doconexent,['C0556150']
ChEMBL:2107831,lusutrombopag,['C4309207']
ChEMBL:815,dinoprost,['C0012471']
ChEMBL:267044,levosulpiride,['C0210380']
ChEMBL:456,ethacrynic acid,['C0014962']
ChEMBL:1385514,dichlorisone acetate,"['C0608488', 'C0544366', 'C0000975']"
ChEMBL:1201752,ixabepilone,['C1135132']
ChEMBL:1697849,pyrrobutamine,['C0163091']
ChEMBL:404,tazobactam,['C0075870']
ChEMBL:2068237,cisplatin,['C0008838']
ChEMBL:3545311,brigatinib,"['C4475147', 'C4475151', 'C4475142', 'C4475145', 'C4474996', 'C4287815', 'C4476500', 'C4475144', 'C4475143', 'C4477761']"
ChEMBL:198362,rivaroxaban,['C3159309']
ChEMBL:81697,ethyl biscoumacetate,['C0015056']
ChEMBL:2110562,chlormerodrin,['C0008217']
ChEMBL:609109,thioproperazine,['C0039936']
ChEMBL:270190,alvimopan,['C1508750']
ChEMBL:601773,dihydroergocristine,['C0012289']
ChEMBL:2104700,moperone,['C0066787']
ChEMBL:282724,sitaxentan,['C1704271']
ChEMBL:1626,clemastine,['C0008929']
ChEMBL:1201273,protokylol,['C0163026']
ChEMBL:968,flurazepam,['C0016375']
ChEMBL:267548,protoporphyrin,['C0033733']
ChEMBL:1481,glimepiride,['C0061323']
ChEMBL:2109540,alirocumab,['C3491162']
ChEMBL:1201469,gramicidin,['C0018165']
ChEMBL:1201322,thonzonium,['C0724705']
ChEMBL:1185,zolmitriptan,['C0528166']
ChEMBL:820,busulfan,['C0006463']
ChEMBL:1279,frovatriptan,['C0754647']
ChEMBL:1083659,suvorexant,['C3179535']
ChEMBL:520400,bamipine,['C0771814']
ChEMBL:777,clavulanic acid,['C0055860']
ChEMBL:1730601,gimeracil,"['C0393004', 'C0535459']"
ChEMBL:2146121,calcium,['C0006675']
ChEMBL:2105953,cefteram,['C0108946']
ChEMBL:13828,oxatomide,['C0134337']
ChEMBL:588,fenoldopam,['C0060180']
ChEMBL:226345,adenine,['C0001407']
ChEMBL:407,flumazenil,['C0016293']
ChEMBL:514800,apremilast,['C1678805']
ChEMBL:1201613,insulin glulisine,['C1313386']
ChEMBL:985,urea,['C0041942']
ChEMBL:1423,pimozide,['C0031935']
ChEMBL:978,methacholine,['C0079829']
ChEMBL:2104624,methitural,['C0066138']
ChEMBL:1539,sulfadoxine,['C0038679']
ChEMBL:575,methicillin,['C0887175']
ChEMBL:582,isopropyl alcohol,['C0022237']
ChEMBL:1469,phenylbutyric acid,['C0170531']
ChEMBL:1070,nabumetone,['C0068334']
ChEMBL:1201354,tridihexethyl,['C0077081']
ChEMBL:267936,mecamylamine,['C0025029']
ChEMBL:611,terazosin,['C0076107']
ChEMBL:1009,levodopa,['C0023570']
ChEMBL:1767408,diquafosol,"['C1955479', 'C0911659']"
ChEMBL:1623,meclizine,['C0025039']
ChEMBL:1418176,methandrostenolone,['C0025616']
ChEMBL:1149,levocarnitine,['C0007258']
ChEMBL:1358,fulvestrant,['C0935916']
ChEMBL:1228,oxyphenbutazone anhydrous,['C0030078']
ChEMBL:1328219,teflubenzuron,['C0285512']
ChEMBL:3545062,velpatasvir,"['C4519000', 'C4271656', 'C4271826', 'C4518997', 'C4298646', 'C4271827', 'C4519001', 'C4271797', 'C4519004', 'C4270925']"
ChEMBL:502835,nintedanib,['C2930789']
ChEMBL:439849,vilazodone,['C1530072']
ChEMBL:558,mexiletine,['C0025887']
ChEMBL:1467,allopurinol,['C0002144']
ChEMBL:1295,butoconazole,['C0054259']
ChEMBL:334966,cangrelor,['C1121991']
ChEMBL:865,valdecoxib,['C0913246']
ChEMBL:936,diphenidol,['C0772056']
ChEMBL:2106324,dihydrotachysterol,['C0012319']
ChEMBL:1200714,chlormezanone,['C0008223']
ChEMBL:1200766,silver sulfadiazine,['C0037134']
ChEMBL:13280,flunitrazepam,['C0016296']
ChEMBL:939,gefitinib,['C1122962']
ChEMBL:3301668,carbetocin,['C0054670']
ChEMBL:468,thalidomide,['C0039736']
ChEMBL:705,alitretinoin,['C0281666']
ChEMBL:181,diazoxide,['C0012022']
ChEMBL:1191,sulfamethizole,['C0038687']
ChEMBL:1908311,mequitazine,['C0065972']
ChEMBL:43064,cinnarizine,['C0008803']
ChEMBL:597,phentolamine,['C0031448']
ChEMBL:1652,ambenonium,['C0002412']
ChEMBL:220492,topiramate,['C0076829']
ChEMBL:6622,isosorbide dinitrate,['C0022252']
ChEMBL:727,thioguanine,['C0039902']
ChEMBL:443052,tavaborole,['C3642427']
ChEMBL:1742996,brodalumab,['C3491331']
ChEMBL:1018,dienestrol,['C0012145']
ChEMBL:607710,chlorphenesin carbamate,['C0055467']
ChEMBL:170988,phenformin,['C0031404']
ChEMBL:222863,ouabain,['C0029904']
ChEMBL:1201479,polyethylene glycol 3350,['C0032483']
ChEMBL:1569746,unithiol,['C0041738']
ChEMBL:445,nortriptyline,['C0028420']
ChEMBL:119443,ergonovine,['C0059514']
ChEMBL:1734,solifenacin,['C1099677']
ChEMBL:1540,penciclovir,['C0164815']
ChEMBL:1724,mepenzolate,['C0360172']
ChEMBL:277535,bifonazole,['C0053570']
ChEMBL:1619528,pipenzolate,['C0071103']
ChEMBL:43452,pomalidomide,['C3535787']
ChEMBL:1200574,sodium chloride,['C0037494']
ChEMBL:2146883,cobimetinib,['C2346910']
ChEMBL:24778,silodosin,['C1870115']
ChEMBL:831,loxapine,['C0024056']
ChEMBL:1201358,benzphetamine,['C0005096']
ChEMBL:1200959,methdilazine,['C0066101']
ChEMBL:49080,clenbuterol,['C0008932']
ChEMBL:2110926,etafedrine,['C0059676']
ChEMBL:92,docetaxel anhydrous,['C0246415']
ChEMBL:2103827,droxidopa,['C3817378']
ChEMBL:1572,netilmicin,['C0700550']
ChEMBL:888,gemcitabine,['C0045093']
ChEMBL:46,ondansetron,['C0061851']
ChEMBL:6,indomethacin,['C0700798']
ChEMBL:729,lopinavir,['C0674432']
ChEMBL:1189432,olopatadine,['C0527189']
ChEMBL:500,pindolol,['C0031937']
ChEMBL:127643,dimethisoquin,['C0058202']
ChEMBL:1201109,desonide,['C0011705']
ChEMBL:894,bupropion,['C0085208']
ChEMBL:92915,aminopentamide,['C0889202']
ChEMBL:190,theophylline anhydrous,['C0002575']
ChEMBL:346977,fonazine,['C0118092']
ChEMBL:3,nicotine,['C0028040']
ChEMBL:416146,etoricoxib,['C0972314']
ChEMBL:917,floxuridine,['C0016343']
ChEMBL:2111176,valethamate,['C0077981']
ChEMBL:148,imipenem anhydrous,['C0020933']
ChEMBL:2103868,cabozantinib s-malate,"['C3181682', 'C0220873']"
ChEMBL:1201558,interferon alfa-2b,['C0021735']
ChEMBL:1583,bacampicillin,['C0052865']
ChEMBL:1190,decamethonium,['C0057231']
ChEMBL:621,trazodone,['C0040805']
ChEMBL:685,mebendazole,['C0025023']
ChEMBL:2108041,ocrelizumab,['C1882138']
ChEMBL:1441961,sofalcone,['C0142971']
ChEMBL:186720,phenyltoloxamine,['C0070709']
ChEMBL:1201168,isocarboxazid,['C0022154']
ChEMBL:453,sulfisoxazole,['C0038746']
ChEMBL:887,rasagiline,['C0525678']
ChEMBL:3182355,trenbolone,['C0040829']
ChEMBL:1200751,mercaptopurine,"['C0000618', 'C0000618']"
ChEMBL:1457,hydrocodone,['C0020264']
ChEMBL:811,brompheniramine,['C0006246']
ChEMBL:180570,medronic acid,"['C1366044', 'C1366044']"
ChEMBL:1200979,dexpanthenol,['C0057610']
ChEMBL:2106871,glaucarubin,['C0017600']
ChEMBL:2218896,nabilone,['C0068333']
ChEMBL:1201865,velaglucerase alfa,['C2919267']
ChEMBL:1109,sulfaphenazole,['C0038706']
ChEMBL:1201039,benzthiazide,['C0053245']
ChEMBL:826,enoxacin,['C0014310']
ChEMBL:1129,trifluridine,['C0040987']
ChEMBL:1963684,peginesatide acetate,['C3281393']
ChEMBL:2108670,bezlotoxumab,"['C4291320', 'C4291439', 'C4291549', 'C4290800', 'C4291474', 'C4505015', 'C4291413', 'C4505006', 'C4291587', 'C4291523']"
ChEMBL:1201148,meprednisone,['C0065967']
ChEMBL:1201466,"estrogens, conjugated synthetic a","['C0014939', 'C1883254']"
ChEMBL:1355299,sulfaethidole,['C0075508']
ChEMBL:1234579,nitrous oxide,['C0028215']
ChEMBL:497613,fludeoxyglucose f-18,['C0046056']
ChEMBL:1201445,calcitonin salmon,['C0073994']
ChEMBL:1144,pravastatin,['C0085542']
ChEMBL:273264,nafamostat,['C0207683']
ChEMBL:240597,chenodiol,['C0008024']
ChEMBL:1027,tiagabine,['C0068897']
ChEMBL:1237023,denosumab,['C1690432']
ChEMBL:772,reserpine,['C0035179']
ChEMBL:589,ropinirole,['C0244821']
ChEMBL:127592,oxethazaine,['C0069758']
ChEMBL:90593,prasterone,['C0011185']
ChEMBL:1005,remifentanil,['C0246631']
ChEMBL:1200623,ethylestrenol,['C0015099']
ChEMBL:108,carbamazepine,['C0006949']
ChEMBL:647,apraclonidine,['C0048038']
ChEMBL:47050,penfluridol,['C0030815']
ChEMBL:553025,vinorelbine,['C0078257']
ChEMBL:514446,dehydrocholic acid,['C0011182']
ChEMBL:1200932,iopamidol,['C0022026']
ChEMBL:42,clozapine,['C0009079']
ChEMBL:1233,carisoprodol,['C0007248']
ChEMBL:7413,methohexital,['C0025668']
ChEMBL:2010601,ivacaftor,['C3264627']
ChEMBL:653,nizatidine,['C0085154']
ChEMBL:188185,bunazosin,['C0772213']
ChEMBL:41355,ezogabine,['C0530684']
ChEMBL:259209,milnacipran,['C1533126']
ChEMBL:753,phenoxybenzamine,['C0031441']
ChEMBL:1207444,semduramicin,['C0141951']
ChEMBL:1201446,bentoquatam,['C0525133']
ChEMBL:474579,cefotetan,['C0007555']
ChEMBL:386630,testosterone,['C0039601']
ChEMBL:14060,phenol,['C0070570']
ChEMBL:1480987,cyclandelate,['C0010525']
ChEMBL:2105075,floctafenine,['C0016245']
ChEMBL:2103758,pramlintide,['C1174780']
ChEMBL:1200374,exemestane,['C0851344']
ChEMBL:1201570,anakinra,['C0245109']
ChEMBL:2105435,simfibrate,['C0074551']
ChEMBL:981,fenofibric acid,['C2586675']
ChEMBL:1231,oxybutynin,['C0134394']
ChEMBL:2109060,licorice,['C0086555']
ChEMBL:836,tamsulosin,['C0257343']
ChEMBL:2104816,tybamate,['C0175163']
ChEMBL:354541,lomitapide,['C2827241']
ChEMBL:561,lomefloxacin,['C0770927']
ChEMBL:31,gatifloxacin anhydrous,['C0753645']
ChEMBL:294199,capsaicin,['C0006931']
ChEMBL:562318,pf-2545920,['C2931945']
ChEMBL:807,memantine,['C0025242']
ChEMBL:301265,pramipexole,['C0074710']
ChEMBL:1359,ertapenem,['C1120106']
ChEMBL:498466,tiamulin,['C0076651']
ChEMBL:1201439,basiliximab,['C0676831']
ChEMBL:3545432,ixazomib citrate,"['C3273711', 'C0376259']"
ChEMBL:49,buspirone,['C0006462']
ChEMBL:1206440,cyclamic acid,['C0056680']
ChEMBL:1282,imiquimod,['C0165032']
ChEMBL:5,nalidixic acid,['C0027353']
ChEMBL:1522,eszopiclone,['C1436328']
ChEMBL:911,zolpidem,['C0487782']
ChEMBL:1201610,corticotropin,['C0001655']
ChEMBL:9225,hexestrol,['C0019467']
ChEMBL:1405447,menadiol,['C0065932']
ChEMBL:1193,pheniramine,['C0031408']
ChEMBL:1697842,methallenestril,['C0066078']
ChEMBL:110,benznidazole,['C0053230']
ChEMBL:2105041,dimoxyline,['C0602100']
ChEMBL:1201264,methantheline,['C0025624']
ChEMBL:118,celecoxib,['C0538927']
ChEMBL:869,nitrofurazone,['C0028157']
ChEMBL:1201202,fondaparinux,['C1098510']
ChEMBL:1148,torsemide,['C0076840']
ChEMBL:1248,fluoride ion f-18,"['C3848572', 'C0677517']"
ChEMBL:92870,lidoflazine,['C0023665']
ChEMBL:1581,perindopril,['C0136123']
ChEMBL:708,ziprasidone,['C0380393']
ChEMBL:1485,arginine,['C0003765']
ChEMBL:358150,etofibrate,['C0059869']
ChEMBL:1615775,oxidronic acid,['C1337343']
ChEMBL:925,tyrosine,['C0041485']
ChEMBL:1201514,pegademase bovine,"['C0164674', 'C0007452']"
ChEMBL:25146,amfenac,['C0051572']
ChEMBL:1201320,esomeprazole,['C0937846']
ChEMBL:1201355,ceruletide,['C0054425']
ChEMBL:1201288,dantrolene,['C0010976']
ChEMBL:1110,alosetron,['C0291772']
ChEMBL:163672,chromonar,['C0008593']
ChEMBL:434,isoproterenol,['C0022245']
ChEMBL:142438,nitrogen,['C0028158']
ChEMBL:575060,glutamic acid,['C0220839']
ChEMBL:428647,paclitaxel,['C0144576']
ChEMBL:1201480,polytetrafluoroethylene,['C0032611']
ChEMBL:3707227,atezolizumab,"['C4238883', 'C4284572', 'C4238888', 'C4238889', 'C4238886', 'C4238880', 'C4238882', 'C4238890', 'C4238881', 'C4238885']"
ChEMBL:1201563,interferon beta-1b,['C0244713']
ChEMBL:1201309,nafarelin,['C0064906']
ChEMBL:1200673,xenon xe-127,"['C0303677', 'C0043339']"
ChEMBL:2106357,florantyrone,['C0060463']
ChEMBL:1087,mepivacaine,['C0025384']
ChEMBL:115,indinavir anhydrous,['C0376637']
ChEMBL:1256,isoflurane,['C0022180']
ChEMBL:571,ketoprofen,['C0022635']
ChEMBL:857,biotin,['C0005575']
ChEMBL:416,methoxsalen,['C0740123']
ChEMBL:631,propafenone,['C0033429']
ChEMBL:521686,olaparib,['C2316164']
ChEMBL:305660,ebastine,['C0058895']
ChEMBL:1102,glutethimide,['C0017845']
ChEMBL:557555,ciprofibrate,['C0055775']
ChEMBL:130,chloramphenicol,['C0008168']
ChEMBL:16699,elliptinium,['C0115685']
ChEMBL:493982,vorapaxar,['C2974521']
ChEMBL:2108730,sarilumab,['C3885145']
ChEMBL:695,trimethadione,['C0041038']
ChEMBL:1201266,lodoxamide,['C0126120']
ChEMBL:927,cefdinir,['C0060405']
ChEMBL:254219,digitoxin,['C0012258']
ChEMBL:730,nitroglycerin,['C0017887']
ChEMBL:1062,hydroxyprogesterone,"['C0020387', 'C0020387']"
ChEMBL:189963,palbociclib,['C3853822']
ChEMBL:1448,niclosamide,['C0028017']
ChEMBL:86,metoclopramide,['C0025853']
ChEMBL:14376,iloperidone,['C0247194']
ChEMBL:1201764,fesoterodine,['C2343853']
ChEMBL:1201361,alclometasone,['C0360534']
ChEMBL:2096635,urea c-14,"['C0795589', 'C0041942']"
ChEMBL:1575,estramustine,['C0014921']
ChEMBL:1651913,oxyfedrine,['C0030053']
ChEMBL:158,aztreonam,['C2746099']
ChEMBL:846,calcitriol,['C0006674']
ChEMBL:1399124,syrosingopine,['C0039148']
ChEMBL:672,fenofibrate,['C0033228']
ChEMBL:1585,pipobroman,['C0031965']
ChEMBL:2110922,amezinium,['C0051570']
ChEMBL:222645,flucloxacillin,['C0016267']
ChEMBL:1450,atovaquone,['C0165603']
ChEMBL:2110809,captodiame,['C0771426']
ChEMBL:602,cysteamine,['C0282119']
ChEMBL:502896,cetraxate,['C0055150']
ChEMBL:1556,inosine,['C0021528']
ChEMBL:267744,ticrynafen,['C0040209']
ChEMBL:24828,vandetanib,['C1628324']
ChEMBL:1516,olmesartan,['C1098320']
ChEMBL:233406,sodium sulfate anhydrous,['C0074769']
ChEMBL:1201670,sargramostim,['C0216231']
ChEMBL:264241,anidulafungin,['C1142738']
ChEMBL:1201834,canakinumab,['C2718773']
ChEMBL:2095207,choline c-11,"['C2698585', 'C0008405']"
ChEMBL:1044,phenylacetic acid,['C0070620']
ChEMBL:650,methylprednisolone,['C0025815']
ChEMBL:111861,cortisone,['C0010137']
ChEMBL:1725,iopromide,['C0063817']
ChEMBL:1271,pentolinium,['C0030885']
ChEMBL:1201487,sacrosidase,['C0718043']
ChEMBL:641,atomoxetine,['C1176420']
ChEMBL:32573,tramazoline,['C0076890']
ChEMBL:617,cephalothin,['C0037490']
ChEMBL:1201213,isoetharine,['C0022176']
ChEMBL:325109,clebopride,['C0055869']
ChEMBL:1384,kanamycin,['C0022487']
ChEMBL:1615487,iodoxamic acid,['C0123859']
ChEMBL:2108027,dulaglutide,['C3179549']
ChEMBL:746,nedocromil,['C0068483']
ChEMBL:513,carmustine,['C0007257']
ChEMBL:1046,aminocaproic acid,['C0000608']
ChEMBL:92161,phenocoll,[]
ChEMBL:417007,sacubitrilat,['C4294492']
ChEMBL:1162144,pyruvic acid,['C0072802']
ChEMBL:384467,dexamethasone,['C0011777']
ChEMBL:1382,tolterodine,['C0388753']
ChEMBL:60745,edrophonium,['C0013615']
ChEMBL:1201863,dexlansoprazole,['C2348248']
ChEMBL:1200649,quinupristin,['C0756081']
ChEMBL:1201131,piperonyl butoxide,['C0031962']
ChEMBL:1760,terbutaline,['C0039542']
ChEMBL:548,dinoprostone,['C0012472']
ChEMBL:1200706,aluminum hydroxide,['C0002371']
ChEMBL:70566,eptazocine,['C0059489']
ChEMBL:135400,zopiclone,['C0078847']
ChEMBL:673,pargyline,['C0282289']
ChEMBL:1201368,perindoprilat,['C0070426']
ChEMBL:1201219,vecuronium,['C0042435']
ChEMBL:1697841,isometheptene,['C0064007']
ChEMBL:533,ibutilide,['C0082966']
ChEMBL:1107,halofantrine,['C0148859']
ChEMBL:422,trifluoperazine,['C0040979']
ChEMBL:1201255,histrelin,['C1637809']
ChEMBL:2106329,lenampicillin,['C0125457']
ChEMBL:1201210,propiomazine,['C0033473']
ChEMBL:1584,piperacetazine,['C0031954']
ChEMBL:1565476,apazone,['C0003524']
ChEMBL:1082407,enzalutamide,['C3496793']
ChEMBL:2108078,parathyroid hormone,['C0030520']
ChEMBL:1224,acrivastine,['C0054340']
ChEMBL:1200922,mebutamate,['C0301379']
ChEMBL:2368925,dolasetron,['C0209210']
ChEMBL:818,iobenguane i-123,"['C2369192', 'C0047506']"
ChEMBL:1289,haloprogin,['C0062106']
ChEMBL:632,betamethasone,['C0005308']
ChEMBL:94,physostigmine,['C0031849']
ChEMBL:1200733,desflurane,['C0063252']
ChEMBL:1263,salmeterol,['C0073992']
ChEMBL:489411,amorolfine,['C0051736']
ChEMBL:69308,pelubiprofen,['C0045712']
ChEMBL:15891,lindane,['C0005038']
ChEMBL:1094966,pirbuterol,['C0071129']
ChEMBL:633,amiodarone,['C0002598']
ChEMBL:261641,su11274,['C1312836']
ChEMBL:1371,chlorzoxazone,['C0008296']
ChEMBL:1743068,secukinumab,['C3179547']
ChEMBL:3544921,cerliponase alfa,"['C2003941', 'C0439095']"
ChEMBL:2105224,pholcodine,['C0070742']
ChEMBL:2111107,sugammadex,['C1700695']
ChEMBL:2107457,itopride,['C0531483']
ChEMBL:494,iloprost,['C0079594']
ChEMBL:832,sulfinpyrazone,['C0038742']
ChEMBL:1518,propylthiouracil,['C0033511']
ChEMBL:1186894,amrubicin,['C0762659']
ChEMBL:1200943,mersalyl,['C0025446']
ChEMBL:475903,cp 154526 hydrochloride,"['C0530189', 'C1512523']"
ChEMBL:681,etomidate,['C0015131']
ChEMBL:76370,tegaserod,['C0537147']
ChEMBL:1568,fludarabine,['C0059985']
ChEMBL:785,ritodrine,['C0035661']
ChEMBL:1201117,methocarbamol,['C0025659']
ChEMBL:1533,desogestrel,['C0057558']
ChEMBL:531,pergolide,['C0701028']
ChEMBL:1276010,undecylenic acid,['C0041660']
ChEMBL:1566,acarbose,['C0050393']
ChEMBL:1742982,aflibercept,['C1134659']
ChEMBL:1201247,goserelin,['C0120107']
ChEMBL:1187833,umeclidinium,['C3832899']
ChEMBL:2366014,tiquizium,['C0145974']
ChEMBL:2007641,pertuzumab,['C1328025']
ChEMBL:3137327,omega-3-carboxylic acids,"['C1875576', 'C0007066']"
ChEMBL:1184360,diamthazole,['C0057720']
ChEMBL:1201477,polyestradiol phosphate,['C0071554']
ChEMBL:1517,oxytetracycline,['C0030092']
ChEMBL:1201772,prasugrel,['C1620287']
ChEMBL:1515,methimazole,['C0025644']
ChEMBL:1501,fluocinonide,['C0016299']
ChEMBL:2109168,dextran 40,['C0011793']
